{
	"format_version": "1.12.0",
	"minecraft:geometry": [
		{
			"description": {
				"identifier": "geometry.unknown",
				"texture_width": 128,
				"texture_height": 128,
				"visible_bounds_width": 3,
				"visible_bounds_height": 1.5,
				"visible_bounds_offset": [0, 0.25, 0]
			},
			"bones": [
				{
					"name": "scope_body",
					"pivot": [0, 0, 0],
					"cubes": [
						{
							"origin": [0.79688, 0.38997, -2.875],
							"size": [0.53125, 0.22005, 1.5],
							"uv": {
								"north": {"uv": [5, 21], "uv_size": [0.5, 0.5]},
								"east": {"uv": [13, 10], "uv_size": [1.5, 0.5]},
								"west": {"uv": [13, 13], "uv_size": [1.5, 0.5]}
							}
						},
						{
							"origin": [0.79688, 0.38997, -2.875],
							"size": [0.53125, 0.22005, 1.5],
							"pivot": [1.0625, 0.5, -2.125],
							"rotation": [0, 0, 45],
							"uv": {
								"north": {"uv": [21, 5], "uv_size": [0.5, 0.5]},
								"east": {"uv": [0, 14], "uv_size": [1.5, 0.5]},
								"west": {"uv": [14, 0], "uv_size": [1.5, 0.5]}
							}
						},
						{
							"origin": [0.95247, 0.23438, -2.875],
							"size": [0.22005, 0.53125, 1.5],
							"uv": {
								"north": {"uv": [6, 21], "uv_size": [0.5, 0.5]},
								"up": {"uv": [2, 14], "uv_size": [0.5, 1.5]},
								"down": {"uv": [14, 3.5], "uv_size": [0.5, -1.5]}
							}
						},
						{
							"origin": [0.95247, 0.23438, -2.875],
							"size": [0.22005, 0.53125, 1.5],
							"pivot": [1.0625, 0.5, -2.125],
							"rotation": [0, 0, 45],
							"uv": {
								"north": {"uv": [21, 6], "uv_size": [0.5, 0.5]},
								"up": {"uv": [3, 14], "uv_size": [0.5, 1.5]},
								"down": {"uv": [14, 5.5], "uv_size": [0.5, -1.5]}
							}
						},
						{
							"origin": [0.775, 0.38091, -1.8125],
							"size": [0.575, 0.23817, 0.375],
							"uv": {
								"north": {"uv": [7, 21], "uv_size": [0.5, 0.5]},
								"east": {"uv": [21, 7], "uv_size": [0.5, 0.5]},
								"south": {"uv": [8, 21], "uv_size": [0.5, 0.5]},
								"west": {"uv": [21, 8], "uv_size": [0.5, 0.5]}
							}
						},
						{
							"origin": [0.775, 0.38091, -1.8125],
							"size": [0.575, 0.23817, 0.375],
							"pivot": [1.0625, 0.5, -1.625],
							"rotation": [0, 0, 45],
							"uv": {
								"north": {"uv": [9, 21], "uv_size": [0.5, 0.5]},
								"east": {"uv": [21, 9], "uv_size": [0.5, 0.5]},
								"south": {"uv": [10, 21], "uv_size": [0.5, 0.5]},
								"west": {"uv": [21, 10], "uv_size": [0.5, 0.5]}
							}
						},
						{
							"origin": [0.94341, 0.2125, -1.8125],
							"size": [0.23817, 0.575, 0.375],
							"uv": {
								"north": {"uv": [11, 21], "uv_size": [0.5, 0.5]},
								"south": {"uv": [21, 11], "uv_size": [0.5, 0.5]},
								"up": {"uv": [12, 21], "uv_size": [0.5, 0.5]},
								"down": {"uv": [21, 12.5], "uv_size": [0.5, -0.5]}
							}
						},
						{
							"origin": [0.94341, 0.2125, -1.8125],
							"size": [0.23817, 0.575, 0.375],
							"pivot": [1.0625, 0.5, -1.625],
							"rotation": [0, 0, 45],
							"uv": {
								"north": {"uv": [13, 21], "uv_size": [0.5, 0.5]},
								"south": {"uv": [21, 13], "uv_size": [0.5, 0.5]},
								"up": {"uv": [14, 21], "uv_size": [0.5, 0.5]},
								"down": {"uv": [21, 14.5], "uv_size": [0.5, -0.5]}
							}
						},
						{
							"origin": [0.95079, 1.10593, -0.33652],
							"size": [0.1875, 0.1875, 0.5],
							"pivot": [1.01329, 0.57759, -0.4951],
							"rotation": [-27.5, 0, -12.5],
							"uv": {
								"east": {"uv": [2, 22], "uv_size": [0.5, 0.5]},
								"west": {"uv": [22, 2], "uv_size": [0.5, 0.5]},
								"up": {"uv": [3, 22], "uv_size": [0.5, 0.5]},
								"down": {"uv": [22, 3.5], "uv_size": [0.5, -0.5]}
							}
						},
						{
							"origin": [0.91954, 1.07468, -0.21152],
							"size": [0.25, 0.25, 0.25],
							"pivot": [1.01329, 0.57759, -0.4951],
							"rotation": [-27.5, 0, -12.5],
							"uv": {
								"east": {"uv": [10, 22], "uv_size": [0.5, 0.5]},
								"south": {"uv": [22, 10], "uv_size": [0.5, 0.5]},
								"west": {"uv": [11, 22], "uv_size": [0.5, 0.5]},
								"up": {"uv": [22, 11], "uv_size": [0.5, 0.5]},
								"down": {"uv": [12, 22.5], "uv_size": [0.5, -0.5]}
							}
						},
						{
							"origin": [0.95079, 0.26452, 0.28925],
							"size": [0.1875, 0.35355, 0.1875],
							"pivot": [1.01329, 0.57759, -0.4951],
							"rotation": [17.5, 0, -12.5],
							"uv": {
								"north": {"uv": [6, 22], "uv_size": [0.5, 0.5]},
								"east": {"uv": [22, 6], "uv_size": [0.5, 0.5]},
								"south": {"uv": [7, 22], "uv_size": [0.5, 0.5]},
								"west": {"uv": [22, 7], "uv_size": [0.5, 0.5]}
							}
						},
						{
							"origin": [0.93879, 0.72255, 0.25484],
							"size": [0.1875, 0.3125, 0.1875],
							"pivot": [1.00129, 0.63172, -0.46624],
							"rotation": [-27.5, 0, -12.5],
							"uv": {
								"north": {"uv": [4, 22], "uv_size": [0.5, 0.5]},
								"east": {"uv": [22, 4], "uv_size": [0.5, 0.5]},
								"south": {"uv": [5, 22], "uv_size": [0.5, 0.5]},
								"west": {"uv": [22, 5], "uv_size": [0.5, 0.5]}
							}
						},
						{
							"origin": [0.93879, 0.47255, -0.18266],
							"size": [0.1875, 0.1875, 0.125],
							"pivot": [1.00129, 0.63172, -0.46624],
							"rotation": [-27.5, 0, -12.5],
							"uv": {
								"east": {"uv": [21, 19], "uv_size": [0.5, 0.5]},
								"west": {"uv": [20, 21], "uv_size": [0.5, 0.5]},
								"up": {"uv": [21, 20], "uv_size": [0.5, 0.5]},
								"down": {"uv": [21, 21.5], "uv_size": [0.5, -0.5]}
							}
						},
						{
							"origin": [0.93879, 0.47255, -0.05766],
							"size": [0.1875, 0.1875, 0.25],
							"pivot": [1.00129, 0.63172, -0.46624],
							"rotation": [-27.5, 0, -12.5],
							"uv": {
								"east": {"uv": [0, 24], "uv_size": [0.5, 0.5]},
								"west": {"uv": [24, 0], "uv_size": [0.5, 0.5]},
								"up": {"uv": [1, 24], "uv_size": [0.5, 0.5]},
								"down": {"uv": [24, 1.5], "uv_size": [0.5, -0.5]}
							}
						},
						{
							"origin": [0.93879, 0.47255, -0.30766],
							"size": [0.1875, 0.1875, 0.125],
							"pivot": [1.00129, 0.63172, -0.46624],
							"rotation": [-27.5, 0, -12.5],
							"uv": {
								"east": {"uv": [23, 21], "uv_size": [0.5, 0.5]},
								"west": {"uv": [22, 23], "uv_size": [0.5, 0.5]},
								"up": {"uv": [23, 22], "uv_size": [0.5, 0.5]},
								"down": {"uv": [23, 23.5], "uv_size": [0.5, -0.5]}
							}
						},
						{
							"origin": [0.93879, 0.98486, -0.07551],
							"size": [0.1875, 0.35355, 0.1875],
							"pivot": [1.00129, 0.63172, -0.46624],
							"rotation": [-72.5, 0, -12.5],
							"uv": {
								"north": {"uv": [8, 22], "uv_size": [0.5, 0.5]},
								"east": {"uv": [22, 8], "uv_size": [0.5, 0.5]},
								"south": {"uv": [9, 22], "uv_size": [0.5, 0.5]},
								"west": {"uv": [22, 9], "uv_size": [0.5, 0.5]}
							}
						},
						{
							"origin": [0.94328, 0.40346, -0.625],
							"size": [0.1875, 0.1875, 0.3125],
							"pivot": [1.03703, 0.61487, -0.4951],
							"rotation": [0, 0, -12.5],
							"uv": {
								"east": {"uv": [0, 22], "uv_size": [0.5, 0.5]},
								"west": {"uv": [22, 0], "uv_size": [0.5, 0.5]},
								"up": {"uv": [1, 22], "uv_size": [0.5, 0.5]},
								"down": {"uv": [22, 1.5], "uv_size": [0.5, -0.5]}
							}
						},
						{
							"origin": [0.75, 0.37056, -1.375],
							"size": [0.625, 0.25888, 0.75],
							"uv": {
								"north": {"uv": [4, 21], "uv_size": [0.5, 0.5]},
								"east": {"uv": [15, 8], "uv_size": [1, 0.5]},
								"south": {"uv": [21, 4], "uv_size": [0.5, 0.5]},
								"west": {"uv": [9, 15], "uv_size": [1, 0.5]}
							}
						},
						{
							"origin": [0.75, 0.37056, -1.375],
							"size": [0.625, 0.25888, 0.75],
							"pivot": [1.0625, 0.5, -0.75],
							"rotation": [0, 0, 45],
							"uv": {
								"north": {"uv": [3, 21], "uv_size": [0.5, 0.5]},
								"east": {"uv": [15, 7], "uv_size": [1, 0.5]},
								"south": {"uv": [21, 3], "uv_size": [0.5, 0.5]},
								"west": {"uv": [8, 15], "uv_size": [1, 0.5]}
							}
						},
						{
							"origin": [0.93306, 0.1875, -1.375],
							"size": [0.25888, 0.625, 0.75],
							"uv": {
								"north": {"uv": [2, 21], "uv_size": [0.5, 0.5]},
								"south": {"uv": [21, 2], "uv_size": [0.5, 0.5]},
								"up": {"uv": [15, 6], "uv_size": [0.5, 1]},
								"down": {"uv": [7, 16], "uv_size": [0.5, -1]}
							}
						},
						{
							"origin": [0.93306, 0.1875, -1.375],
							"size": [0.25888, 0.625, 0.75],
							"pivot": [1.0625, 0.5, -0.75],
							"rotation": [0, 0, 45],
							"uv": {
								"north": {"uv": [1, 21], "uv_size": [0.5, 0.5]},
								"south": {"uv": [21, 1], "uv_size": [0.5, 0.5]},
								"up": {"uv": [15, 5], "uv_size": [0.5, 1]},
								"down": {"uv": [6, 16], "uv_size": [0.5, -1]}
							}
						},
						{
							"origin": [0, 1.3125, -1.97319],
							"size": [0.625, 0.25, 0.25888],
							"uv": {
								"east": {"uv": [20, 1], "uv_size": [0.5, 0.5]},
								"west": {"uv": [2, 20], "uv_size": [0.5, 0.5]},
								"up": {"uv": [20, 2], "uv_size": [0.5, 0.5]}
							}
						},
						{
							"origin": [0, 1.3125, -1.97319],
							"size": [0.625, 0.25, 0.25888],
							"pivot": [0.3125, 1, -1.84375],
							"rotation": [0, -45, 0],
							"uv": {
								"east": {"uv": [0, 20], "uv_size": [0.5, 0.5]},
								"west": {"uv": [20, 0], "uv_size": [0.5, 0.5]},
								"up": {"uv": [1, 20], "uv_size": [0.5, 0.5]}
							}
						},
						{
							"origin": [0.18306, 1.3125, -2.15625],
							"size": [0.25888, 0.25, 0.625],
							"uv": {
								"north": {"uv": [18, 19], "uv_size": [0.5, 0.5]},
								"south": {"uv": [19, 18], "uv_size": [0.5, 0.5]},
								"up": {"uv": [19, 19], "uv_size": [0.5, 0.5]}
							}
						},
						{
							"origin": [0.18306, 1.3125, -2.15625],
							"size": [0.25888, 0.25, 0.625],
							"pivot": [0.3125, 1, -1.84375],
							"rotation": [0, -45, 0],
							"uv": {
								"north": {"uv": [19, 16], "uv_size": [0.5, 0.5]},
								"south": {"uv": [17, 19], "uv_size": [0.5, 0.5]},
								"up": {"uv": [19, 17], "uv_size": [0.5, 0.5]}
							}
						},
						{
							"origin": [0.625, 0, -3],
							"size": [0.1875, 0.25, 3],
							"uv": {
								"north": {"uv": [15, 12], "uv_size": [0.5, 0.5]},
								"east": {"uv": [4, 2], "uv_size": [3, 0.5]},
								"south": {"uv": [13, 15], "uv_size": [0.5, 0.5]},
								"west": {"uv": [4, 3], "uv_size": [3, 0.5]},
								"up": {"uv": [4, 4], "uv_size": [0.5, 3]}
							}
						},
						{
							"origin": [0.71875, 0.0625, -2.8125],
							"size": [0.125, 0.125, 0.125],
							"pivot": [0.78125, 0.125, -2.75],
							"rotation": [-45, 0, 0],
							"uv": {
								"north": {"uv": [19, 11], "uv_size": [0.5, 0.5]},
								"south": {"uv": [12, 19], "uv_size": [0.5, 0.5]},
								"west": {"uv": [19, 12], "uv_size": [0.5, 0.5]},
								"up": {"uv": [13, 19], "uv_size": [0.5, 0.5]},
								"down": {"uv": [19, 13.5], "uv_size": [0.5, -0.5]}
							}
						},
						{
							"origin": [0.71875, 0.0625, -0.3125],
							"size": [0.125, 0.125, 0.125],
							"pivot": [0.78125, 0.125, -0.25],
							"rotation": [-45, 0, 0],
							"uv": {
								"north": {"uv": [14, 19], "uv_size": [0.5, 0.5]},
								"south": {"uv": [19, 14], "uv_size": [0.5, 0.5]},
								"west": {"uv": [15, 19], "uv_size": [0.5, 0.5]},
								"up": {"uv": [19, 15], "uv_size": [0.5, 0.5]},
								"down": {"uv": [16, 19.5], "uv_size": [0.5, -0.5]}
							}
						},
						{
							"origin": [-0.625, 0, -2.9375],
							"size": [1.25, 0.125, 2.9375],
							"uv": {
								"north": {"uv": [13, 9], "uv_size": [1.5, 0.5]},
								"east": {"uv": [9, 5], "uv_size": [3, 0.5]},
								"south": {"uv": [10, 13], "uv_size": [1.5, 0.5]},
								"west": {"uv": [6, 9], "uv_size": [3, 0.5]},
								"up": {"uv": [0, 3], "uv_size": [1.5, 3]},
								"down": {"uv": [2, 6], "uv_size": [1.5, -3]}
							}
						},
						{
							"origin": [-0.5, 0.0625, 0.002],
							"size": [1, 0.125, 0],
							"uv": {
								"south": {"uv": [0, 112], "uv_size": [128, 16]}
							}
						},
						{
							"origin": [-0.625, 0.125, -2.9375],
							"size": [0.25, 0.125, 2.9375],
							"uv": {
								"north": {"uv": [18, 18], "uv_size": [0.5, 0.5]},
								"east": {"uv": [10, 9], "uv_size": [3, 0.5]},
								"south": {"uv": [0, 19], "uv_size": [0.5, 0.5]},
								"west": {"uv": [10, 10], "uv_size": [3, 0.5]},
								"up": {"uv": [8, 10], "uv_size": [0.5, 3]},
								"down": {"uv": [0, 14], "uv_size": [0.5, -3]}
							}
						},
						{
							"origin": [0.375, 0.125, -2.9375],
							"size": [0.25, 0.125, 2.9375],
							"uv": {
								"north": {"uv": [19, 0], "uv_size": [0.5, 0.5]},
								"east": {"uv": [11, 0], "uv_size": [3, 0.5]},
								"south": {"uv": [1, 19], "uv_size": [0.5, 0.5]},
								"west": {"uv": [11, 2], "uv_size": [3, 0.5]},
								"up": {"uv": [5, 11], "uv_size": [0.5, 3]},
								"down": {"uv": [11, 9], "uv_size": [0.5, -3]}
							}
						},
						{
							"origin": [-0.375, 0.125, 0],
							"size": [0.75, 0.125, 0],
							"uv": {
								"south": {"uv": [15, 9], "uv_size": [1, 0.5]}
							}
						},
						{
							"origin": [-0.625, -0.82517, -3.2793],
							"size": [0.25, 0.375, 0.25],
							"pivot": [0, -0.70017, -1.81055],
							"rotation": [-45, 0, 0],
							"uv": {
								"north": {"uv": [17, 15], "uv_size": [0.5, 0.5]},
								"east": {"uv": [16, 17], "uv_size": [0.5, 0.5]},
								"west": {"uv": [17, 16], "uv_size": [0.5, 0.5]}
							}
						},
						{
							"origin": [0.375, -0.82517, -3.2793],
							"size": [0.25, 0.375, 0.25],
							"pivot": [0, -0.70017, -1.81055],
							"rotation": [-45, 0, 0],
							"uv": {
								"north": {"uv": [17, 17], "uv_size": [0.5, 0.5]},
								"east": {"uv": [0, 18], "uv_size": [0.5, 0.5]},
								"west": {"uv": [18, 0], "uv_size": [0.5, 0.5]}
							}
						},
						{
							"origin": [-0.625, 1.95017, -3.2793],
							"size": [0.1875, 0.375, 0.25],
							"pivot": [0, 2.20017, -1.81055],
							"rotation": [45, 0, 0],
							"uv": {
								"north": {"uv": [18, 5], "uv_size": [0.5, 0.5]},
								"east": {"uv": [6, 18], "uv_size": [0.5, 0.5]},
								"west": {"uv": [18, 6], "uv_size": [0.5, 0.5]}
							}
						},
						{
							"origin": [0.4375, 1.95017, -3.2793],
							"size": [0.1875, 0.375, 0.25],
							"pivot": [0, 2.20017, -1.81055],
							"rotation": [45, 0, 0],
							"uv": {
								"north": {"uv": [4, 18], "uv_size": [0.5, 0.5]},
								"east": {"uv": [18, 4], "uv_size": [0.5, 0.5]},
								"west": {"uv": [5, 18], "uv_size": [0.5, 0.5]}
							}
						},
						{
							"origin": [-0.8125, 0, -3],
							"size": [0.1875, 0.25, 3],
							"uv": {
								"north": {"uv": [17, 14], "uv_size": [0.5, 0.5]},
								"east": {"uv": [7, 8], "uv_size": [3, 0.5]},
								"south": {"uv": [15, 17], "uv_size": [0.5, 0.5]},
								"west": {"uv": [1, 9], "uv_size": [3, 0.5]},
								"up": {"uv": [5, 8], "uv_size": [0.5, 3]}
							}
						},
						{
							"origin": [0.57651, -0.07045, -2.8125],
							"size": [0.25, 0.25, 2.8125],
							"pivot": [0.01401, 0.05455, -1.5],
							"rotation": [0, 0, -22.5],
							"uv": {
								"north": {"uv": [17, 12], "uv_size": [0.5, 0.5]},
								"south": {"uv": [13, 17], "uv_size": [0.5, 0.5]},
								"west": {"uv": [8, 2], "uv_size": [3, 0.5]}
							}
						},
						{
							"origin": [-0.82651, -0.07045, -2.8125],
							"size": [0.25, 0.25, 2.8125],
							"pivot": [-0.01401, 0.05455, -1.5],
							"rotation": [0, 0, 22.5],
							"uv": {
								"north": {"uv": [17, 13], "uv_size": [0.5, 0.5]},
								"east": {"uv": [8, 4], "uv_size": [3, 0.5]},
								"south": {"uv": [14, 17], "uv_size": [0.5, 0.5]}
							}
						},
						{
							"origin": [-0.75, 0.25, -2.8125],
							"size": [1.5, 1, 2.8125],
							"uv": {
								"north": {"uv": [1, 8], "uv_size": [1.5, 1]},
								"east": {"uv": [4, 0], "uv_size": [3, 1]},
								"south": {"uv": [8, 1], "uv_size": [1.5, 1]},
								"west": {"uv": [4, 1], "uv_size": [3, 1]},
								"up": {"uv": [0, 0], "uv_size": [1.5, 3]},
								"down": {"uv": [2, 3], "uv_size": [1.5, -3]}
							}
						},
						{
							"origin": [0.71875, 1, -2.4375],
							"size": [0.0625, 0.125, 0.125],
							"pivot": [-3.96875, 1.0625, -2.375],
							"rotation": [45, 0, 0],
							"uv": {
								"north": {"uv": [15, 22], "uv_size": [0.5, 0.5]},
								"south": {"uv": [22, 15], "uv_size": [0.5, 0.5]},
								"west": {"uv": [16, 22], "uv_size": [0.5, 0.5]},
								"up": {"uv": [22, 16], "uv_size": [0.5, 0.5]},
								"down": {"uv": [17, 22.5], "uv_size": [0.5, -0.5]}
							}
						},
						{
							"origin": [0.71875, 1, -2.125],
							"size": [0.0625, 0.125, 0.125],
							"pivot": [-3.96875, 1.0625, -2.0625],
							"rotation": [45, 0, 0],
							"uv": {
								"north": {"uv": [22, 17], "uv_size": [0.5, 0.5]},
								"south": {"uv": [18, 22], "uv_size": [0.5, 0.5]},
								"west": {"uv": [22, 18], "uv_size": [0.5, 0.5]},
								"up": {"uv": [19, 22], "uv_size": [0.5, 0.5]},
								"down": {"uv": [22, 19.5], "uv_size": [0.5, -0.5]}
							}
						},
						{
							"origin": [0.71875, 1, -1.8125],
							"size": [0.0625, 0.125, 0.125],
							"pivot": [-3.96875, 1.0625, -1.75],
							"rotation": [45, 0, 0],
							"uv": {
								"north": {"uv": [20, 22], "uv_size": [0.5, 0.5]},
								"south": {"uv": [22, 20], "uv_size": [0.5, 0.5]},
								"west": {"uv": [21, 22], "uv_size": [0.5, 0.5]},
								"up": {"uv": [22, 21], "uv_size": [0.5, 0.5]},
								"down": {"uv": [22, 22.5], "uv_size": [0.5, -0.5]}
							}
						},
						{
							"origin": [0.71875, 1, -1.4375],
							"size": [0.0625, 0.125, 0.125],
							"pivot": [-3.96875, 1.0625, -1.375],
							"rotation": [45, 0, 0],
							"uv": {
								"north": {"uv": [0, 23], "uv_size": [0.5, 0.5]},
								"south": {"uv": [23, 0], "uv_size": [0.5, 0.5]},
								"west": {"uv": [1, 23], "uv_size": [0.5, 0.5]},
								"up": {"uv": [23, 1], "uv_size": [0.5, 0.5]},
								"down": {"uv": [2, 23.5], "uv_size": [0.5, -0.5]}
							}
						},
						{
							"origin": [0.6875, 1, -0.3125],
							"size": [0.5, 0.25, 0.4375],
							"pivot": [-3.5625, 1.125, -0.15625],
							"rotation": [-27.5, 0, 0],
							"uv": {
								"north": {"uv": [15, 21], "uv_size": [0.5, 0.5]},
								"south": {"uv": [21, 15], "uv_size": [0.5, 0.5]},
								"west": {"uv": [16, 21], "uv_size": [0.5, 0.5]}
							}
						},
						{
							"origin": [0.625, 1.08202, -0.26184],
							"size": [0.5625, 0.125, 0.4375],
							"pivot": [1.1875, 1.20702, -0.04309],
							"rotation": [-26.69458, 6.86379, 13.36965],
							"uv": {
								"north": {"uv": [18, 21], "uv_size": [0.5, 0.5]},
								"south": {"uv": [21, 18], "uv_size": [0.5, 0.5]},
								"up": {"uv": [19, 21], "uv_size": [0.5, 0.5]}
							}
						},
						{
							"origin": [0.87543, 1.17514, -0.08965],
							"size": [0.125, 0.125, 0.125],
							"pivot": [0.93793, 1.23764, -0.02715],
							"rotation": [-39.4146, 45.37481, -13.51542],
							"uv": {
								"north": {"uv": [22, 12], "uv_size": [0.5, 0.5]},
								"east": {"uv": [13, 22], "uv_size": [0.5, 0.5]},
								"south": {"uv": [22, 13], "uv_size": [0.5, 0.5]},
								"west": {"uv": [14, 22], "uv_size": [0.5, 0.5]},
								"up": {"uv": [22, 14], "uv_size": [0.5, 0.5]}
							}
						},
						{
							"origin": [0.54733, 0.78186, -0.41809],
							"size": [0.625, 0.3125, 0.4375],
							"pivot": [0.92233, 0.90686, -0.19934],
							"rotation": [-20.20848, -19.05681, -41.57337],
							"uv": {
								"north": {"uv": [21, 16], "uv_size": [0.5, 0.5]},
								"south": {"uv": [17, 21], "uv_size": [0.5, 0.5]},
								"down": {"uv": [21, 17.5], "uv_size": [0.5, -0.5]}
							}
						},
						{
							"origin": [0.60938, 0.9375, -2.82812],
							"size": [0.09375, 0.09375, 0.0625],
							"pivot": [0.65625, 0.98438, -2.79687],
							"rotation": [0, 0, 45],
							"uv": {
								"north": {"uv": [19, 1], "uv_size": [0.5, 0.5]},
								"east": {"uv": [2, 19], "uv_size": [0.5, 0.5]},
								"west": {"uv": [19, 2], "uv_size": [0.5, 0.5]},
								"up": {"uv": [3, 19], "uv_size": [0.5, 0.5]},
								"down": {"uv": [19, 3.5], "uv_size": [0.5, -0.5]}
							}
						},
						{
							"origin": [0.60938, 0.4375, -2.82812],
							"size": [0.09375, 0.09375, 0.0625],
							"pivot": [0.65625, 0.48438, -2.79687],
							"rotation": [0, 0, 45],
							"uv": {
								"north": {"uv": [4, 19], "uv_size": [0.5, 0.5]},
								"east": {"uv": [19, 4], "uv_size": [0.5, 0.5]},
								"west": {"uv": [5, 19], "uv_size": [0.5, 0.5]},
								"up": {"uv": [19, 5], "uv_size": [0.5, 0.5]},
								"down": {"uv": [6, 19.5], "uv_size": [0.5, -0.5]}
							}
						},
						{
							"origin": [-0.70312, 0.4375, -2.82812],
							"size": [0.09375, 0.09375, 0.0625],
							"pivot": [-0.65625, 0.48438, -2.79687],
							"rotation": [0, 0, -45],
							"uv": {
								"north": {"uv": [9, 19], "uv_size": [0.5, 0.5]},
								"east": {"uv": [19, 9], "uv_size": [0.5, 0.5]},
								"west": {"uv": [10, 19], "uv_size": [0.5, 0.5]},
								"up": {"uv": [19, 10], "uv_size": [0.5, 0.5]},
								"down": {"uv": [11, 19.5], "uv_size": [0.5, -0.5]}
							}
						},
						{
							"origin": [-0.70312, 0.9375, -2.82812],
							"size": [0.09375, 0.09375, 0.0625],
							"pivot": [-0.65625, 0.98438, -2.79687],
							"rotation": [0, 0, -45],
							"uv": {
								"north": {"uv": [19, 6], "uv_size": [0.5, 0.5]},
								"east": {"uv": [7, 19], "uv_size": [0.5, 0.5]},
								"west": {"uv": [19, 7], "uv_size": [0.5, 0.5]},
								"up": {"uv": [8, 19], "uv_size": [0.5, 0.5]},
								"down": {"uv": [19, 8.5], "uv_size": [0.5, -0.5]}
							}
						},
						{
							"origin": [-0.4375, 1.25, -2.8125],
							"size": [0.875, 0.125, 0],
							"uv": {
								"north": {"uv": [13, 14], "uv_size": [1, 0.5]}
							}
						},
						{
							"origin": [-0.375, 0.125, -2.8125],
							"size": [0.75, 0.125, 0],
							"uv": {
								"north": {"uv": [14, 14], "uv_size": [1, 0.5]}
							}
						},
						{
							"origin": [-0.5625, 1.375, -1.5],
							"size": [1.125, 0.125, 1.5],
							"uv": {
								"north": {"uv": [14, 11], "uv_size": [1, 0.5]},
								"south": {"uv": [14, 12], "uv_size": [1, 0.5]},
								"up": {"uv": [9, 9], "uv_size": [1, 1.5]},
								"down": {"uv": [1, 11.5], "uv_size": [1, -1.5]}
							}
						},
						{
							"origin": [-0.5625, 1.375, -2.1875],
							"size": [0.53125, 0.125, 0.6875],
							"uv": {
								"west": {"uv": [3, 20], "uv_size": [0.5, 0.5]},
								"up": {"uv": [20, 3], "uv_size": [0.5, 0.5]},
								"down": {"uv": [4, 20.5], "uv_size": [0.5, -0.5]}
							}
						},
						{
							"origin": [0.09375, 1.374, -2.4375],
							"size": [0.4375, 0.125, 0.25],
							"pivot": [0.3125, 1.4375, -1.84375],
							"rotation": [0, 45, 0],
							"uv": {
								"south": {"uv": [20, 5], "uv_size": [0.5, 0.5]},
								"up": {"uv": [6, 20], "uv_size": [0.5, 0.5]}
							}
						},
						{
							"origin": [-0.28125, 1.374, -2.0625],
							"size": [0.25, 0.125, 0.4375],
							"pivot": [0.3125, 1.4375, -1.84375],
							"rotation": [0, 45, 0],
							"uv": {
								"west": {"uv": [20, 6], "uv_size": [0.5, 0.5]},
								"up": {"uv": [7, 20], "uv_size": [0.5, 0.5]}
							}
						},
						{
							"origin": [-0.5625, 1.375, -2.9375],
							"size": [1.125, 0.125, 0.75],
							"uv": {
								"north": {"uv": [0, 15], "uv_size": [1, 0.5]},
								"south": {"uv": [1, 15], "uv_size": [1, 0.5]},
								"up": {"uv": [8, 13], "uv_size": [1, 1]},
								"down": {"uv": [9, 14], "uv_size": [1, -1]}
							}
						},
						{
							"origin": [0.37565, 1.00471, -1.5],
							"size": [0.17678, 0.14331, 1.5],
							"pivot": [0.89396, 1.09846, -1.40625],
							"rotation": [0, 0, 45],
							"uv": {
								"north": {"uv": [2, 18], "uv_size": [0.5, 0.5]},
								"south": {"uv": [18, 2], "uv_size": [0.5, 0.5]},
								"up": {"uv": [12, 13], "uv_size": [0.5, 1.5]}
							}
						},
						{
							"origin": [0.37565, 1.00471, -2.9375],
							"size": [0.17678, 0.14331, 0.75],
							"pivot": [0.89396, 1.09846, -1.40625],
							"rotation": [0, 0, 45],
							"uv": {
								"north": {"uv": [20, 4], "uv_size": [0.5, 0.5]},
								"south": {"uv": [5, 20], "uv_size": [0.5, 0.5]},
								"up": {"uv": [15, 1], "uv_size": [0.5, 1]}
							}
						},
						{
							"origin": [-0.55243, 1.00471, -2.9375],
							"size": [0.17678, 0.14331, 2.9375],
							"pivot": [-0.89396, 1.09846, -1.40625],
							"rotation": [0, 0, -45],
							"uv": {
								"north": {"uv": [3, 18], "uv_size": [0.5, 0.5]},
								"south": {"uv": [18, 3], "uv_size": [0.5, 0.5]},
								"up": {"uv": [3, 10], "uv_size": [0.5, 3]}
							}
						},
						{
							"origin": [-0.6875, 1.25, -2.9375],
							"size": [0.25, 0.125, 2.9375],
							"uv": {
								"north": {"uv": [1, 18], "uv_size": [0.5, 0.5]},
								"east": {"uv": [10, 1], "uv_size": [3, 0.5]},
								"south": {"uv": [18, 1], "uv_size": [0.5, 0.5]},
								"down": {"uv": [2, 13], "uv_size": [0.5, -3]}
							}
						},
						{
							"origin": [-0.52746, 1.34218, -2.9375],
							"size": [0.1875, 0.125, 2.9375],
							"pivot": [-0.37121, 1.40468, -1.46875],
							"rotation": [0, 0, -45],
							"uv": {
								"north": {"uv": [12, 18], "uv_size": [0.5, 0.5]},
								"south": {"uv": [18, 12], "uv_size": [0.5, 0.5]},
								"down": {"uv": [10, 9], "uv_size": [0.5, -3]}
							}
						},
						{
							"origin": [0.33996, 1.34218, -2.9375],
							"size": [0.1875, 0.09375, 2.9375],
							"pivot": [0.37121, 1.40468, -1.46875],
							"rotation": [0, 0, 45],
							"uv": {
								"north": {"uv": [13, 18], "uv_size": [0.5, 0.5]},
								"south": {"uv": [18, 13], "uv_size": [0.5, 0.5]},
								"down": {"uv": [7, 13], "uv_size": [0.5, -3]}
							}
						},
						{
							"origin": [0.4375, 1.25, -2.9375],
							"size": [0.25, 0.125, 2.9375],
							"uv": {
								"north": {"uv": [11, 18], "uv_size": [0.5, 0.5]},
								"south": {"uv": [18, 11], "uv_size": [0.5, 0.5]},
								"west": {"uv": [10, 3], "uv_size": [3, 0.5]},
								"up": {"uv": [4, 10], "uv_size": [0.5, 3]},
								"down": {"uv": [6, 13], "uv_size": [0.5, -3]}
							}
						},
						{
							"origin": [-0.0625, 1.25, -2.1875],
							"size": [0.4375, 0.125, 0.6875],
							"uv": {
								"up": {"uv": [21, 23], "uv_size": [0.5, 0.5]}
							}
						},
						{
							"origin": [0.625, 1.25, -0.5],
							"size": [0.125, 0.1875, 0.5],
							"uv": {
								"east": {"uv": [6, 16], "uv_size": [0.5, 0.5]},
								"south": {"uv": [16, 6], "uv_size": [0.5, 0.5]},
								"west": {"uv": [7, 16], "uv_size": [0.5, 0.5]}
							}
						},
						{
							"origin": [0.624, 0.97568, -0.63951],
							"size": [0.125, 0.3125, 0.1875],
							"pivot": [0.6875, 1.19443, -0.38951],
							"rotation": [-45, 0, 0],
							"uv": {
								"north": {"uv": [13, 16], "uv_size": [0.5, 0.5]},
								"east": {"uv": [16, 13], "uv_size": [0.5, 0.5]},
								"west": {"uv": [14, 16], "uv_size": [0.5, 0.5]}
							}
						},
						{
							"origin": [-0.749, 0.97568, -0.63951],
							"size": [0.125, 0.3125, 0.1875],
							"pivot": [-0.6875, 1.19443, -0.38951],
							"rotation": [-45, 0, 0],
							"uv": {
								"north": {"uv": [16, 14], "uv_size": [0.5, 0.5]},
								"east": {"uv": [15, 16], "uv_size": [0.5, 0.5]},
								"west": {"uv": [16, 15], "uv_size": [0.5, 0.5]}
							}
						},
						{
							"origin": [-0.5625, 1.5, -0.5],
							"size": [1.125, 0.125, 0.5],
							"uv": {
								"north": {"uv": [5, 14], "uv_size": [1, 0.5]},
								"south": {"uv": [14, 6], "uv_size": [1, 0.5]},
								"up": {"uv": [14, 7], "uv_size": [1, 0.5]},
								"down": {"uv": [8, 14.5], "uv_size": [1, -0.5]}
							}
						},
						{
							"origin": [-0.61872, 1.12056, -0.5],
							"size": [0.26517, 0.125, 0.5],
							"pivot": [-0.91605, 1.18306, -0.25],
							"rotation": [0, 0, -45],
							"uv": {
								"north": {"uv": [9, 16], "uv_size": [0.5, 0.5]},
								"south": {"uv": [16, 9], "uv_size": [0.5, 0.5]},
								"up": {"uv": [10, 16], "uv_size": [0.5, 0.5]},
								"down": {"uv": [16, 10.5], "uv_size": [0.5, -0.5]}
							}
						},
						{
							"origin": [0.35355, 1.12056, -0.5],
							"size": [0.26517, 0.125, 0.5],
							"pivot": [0.91605, 1.18306, -0.25],
							"rotation": [0, 0, 45],
							"uv": {
								"north": {"uv": [11, 16], "uv_size": [0.5, 0.5]},
								"south": {"uv": [16, 11], "uv_size": [0.5, 0.5]},
								"up": {"uv": [12, 16], "uv_size": [0.5, 0.5]},
								"down": {"uv": [16, 12.5], "uv_size": [0.5, -0.5]}
							}
						},
						{
							"origin": [-0.75, 1.25, -0.5],
							"size": [0.125, 0.1875, 0.5],
							"uv": {
								"east": {"uv": [16, 7], "uv_size": [0.5, 0.5]},
								"south": {"uv": [8, 16], "uv_size": [0.5, 0.5]},
								"west": {"uv": [16, 8], "uv_size": [0.5, 0.5]}
							}
						},
						{
							"origin": [0.625, 1.25, -3],
							"size": [0.125, 0.1875, 0.5],
							"uv": {
								"north": {"uv": [8, 17], "uv_size": [0.5, 0.5]},
								"east": {"uv": [17, 8], "uv_size": [0.5, 0.5]},
								"west": {"uv": [9, 17], "uv_size": [0.5, 0.5]}
							}
						},
						{
							"origin": [0.624, 1.14174, -3.00693],
							"size": [0.125, 0.3125, 0.1875],
							"pivot": [0.6875, 1.36049, -2.75693],
							"rotation": [45, 0, 0],
							"uv": {
								"north": {"uv": [17, 9], "uv_size": [0.5, 0.5]},
								"east": {"uv": [10, 17], "uv_size": [0.5, 0.5]},
								"west": {"uv": [17, 10], "uv_size": [0.5, 0.5]}
							}
						},
						{
							"origin": [-0.749, 1.14174, -3.00693],
							"size": [0.125, 0.3125, 0.1875],
							"pivot": [-0.6875, 1.36049, -2.75693],
							"rotation": [45, 0, 0],
							"uv": {
								"north": {"uv": [11, 17], "uv_size": [0.5, 0.5]},
								"east": {"uv": [17, 11], "uv_size": [0.5, 0.5]},
								"west": {"uv": [12, 17], "uv_size": [0.5, 0.5]}
							}
						},
						{
							"origin": [0.35355, 1.12056, -3],
							"size": [0.26517, 0.125, 0.5],
							"pivot": [0.91605, 1.18306, -2.75],
							"rotation": [0, 0, 45],
							"uv": {
								"north": {"uv": [6, 17], "uv_size": [0.5, 0.5]},
								"south": {"uv": [17, 6], "uv_size": [0.5, 0.5]},
								"up": {"uv": [7, 17], "uv_size": [0.5, 0.5]},
								"down": {"uv": [17, 7.5], "uv_size": [0.5, -0.5]}
							}
						},
						{
							"origin": [-0.5625, 1.5, -3],
							"size": [1.125, 0.125, 0.5],
							"uv": {
								"north": {"uv": [14, 8], "uv_size": [1, 0.5]},
								"south": {"uv": [9, 14], "uv_size": [1, 0.5]},
								"up": {"uv": [10, 14], "uv_size": [1, 0.5]},
								"down": {"uv": [11, 14.5], "uv_size": [1, -0.5]}
							}
						},
						{
							"origin": [-0.61872, 1.12056, -3],
							"size": [0.26517, 0.125, 0.5],
							"pivot": [-0.91605, 1.18306, -2.75],
							"rotation": [0, 0, -45],
							"uv": {
								"north": {"uv": [4, 17], "uv_size": [0.5, 0.5]},
								"south": {"uv": [17, 4], "uv_size": [0.5, 0.5]},
								"up": {"uv": [5, 17], "uv_size": [0.5, 0.5]},
								"down": {"uv": [17, 5.5], "uv_size": [0.5, -0.5]}
							}
						},
						{
							"origin": [-0.75, 1.25, -3],
							"size": [0.125, 0.1875, 0.5],
							"uv": {
								"north": {"uv": [17, 2], "uv_size": [0.5, 0.5]},
								"east": {"uv": [3, 17], "uv_size": [0.5, 0.5]},
								"west": {"uv": [17, 3], "uv_size": [0.5, 0.5]}
							}
						},
						{
							"origin": [0.624, 0.97568, -2.54799],
							"size": [0.125, 0.3125, 0.1875],
							"pivot": [0.6875, 1.19443, -2.61049],
							"rotation": [45, 0, 0],
							"uv": {
								"east": {"uv": [1, 17], "uv_size": [0.5, 0.5]},
								"south": {"uv": [17, 1], "uv_size": [0.5, 0.5]},
								"west": {"uv": [2, 17], "uv_size": [0.5, 0.5]}
							}
						},
						{
							"origin": [-0.749, 0.97568, -2.54799],
							"size": [0.125, 0.3125, 0.1875],
							"pivot": [-0.6875, 1.19443, -2.61049],
							"rotation": [45, 0, 0],
							"uv": {
								"east": {"uv": [16, 16], "uv_size": [0.5, 0.5]},
								"south": {"uv": [0, 17], "uv_size": [0.5, 0.5]},
								"west": {"uv": [17, 0], "uv_size": [0.5, 0.5]}
							}
						},
						{
							"origin": [0.625, -0.16631, -3],
							"size": [0.10092, 0.16631, 3],
							"uv": {
								"north": {"uv": [3, 16], "uv_size": [0.5, 0.5]},
								"east": {"uv": [7, 6], "uv_size": [3, 0.5]},
								"south": {"uv": [16, 3], "uv_size": [0.5, 0.5]},
								"down": {"uv": [4, 10], "uv_size": [0.5, -3]}
							}
						},
						{
							"origin": [0.70313, -0.1875, -3],
							"size": [0.10938, 0.1875, 3],
							"pivot": [0.8125, 0, -1.5],
							"rotation": [0, 0, 27.5],
							"uv": {
								"north": {"uv": [2, 16], "uv_size": [0.5, 0.5]},
								"south": {"uv": [16, 2], "uv_size": [0.5, 0.5]},
								"west": {"uv": [7, 3], "uv_size": [3, 0.5]}
							}
						},
						{
							"origin": [-0.8125, -0.1875, -3],
							"size": [0.10938, 0.1875, 3],
							"pivot": [-0.8125, 0, -1.5],
							"rotation": [0, 0, -27.5],
							"uv": {
								"north": {"uv": [5, 16], "uv_size": [0.5, 0.5]},
								"east": {"uv": [8, 0], "uv_size": [3, 0.5]},
								"south": {"uv": [16, 5], "uv_size": [0.5, 0.5]}
							}
						},
						{
							"origin": [-0.72592, -0.16631, -3],
							"size": [0.10092, 0.16631, 3],
							"uv": {
								"north": {"uv": [4, 16], "uv_size": [0.5, 0.5]},
								"south": {"uv": [16, 4], "uv_size": [0.5, 0.5]},
								"west": {"uv": [7, 7], "uv_size": [3, 0.5]},
								"down": {"uv": [0, 11], "uv_size": [0.5, -3]}
							}
						},
						{
							"origin": [0.375, -0.125, -2.9375],
							"size": [0.125, 0.125, 2.9375],
							"uv": {
								"north": {"uv": [15, 13], "uv_size": [0.5, 0.5]},
								"south": {"uv": [14, 15], "uv_size": [0.5, 0.5]},
								"west": {"uv": [5, 4], "uv_size": [3, 0.5]},
								"down": {"uv": [5, 8], "uv_size": [0.5, -3]}
							}
						},
						{
							"origin": [0.17233, -0.09911, -2.9375],
							"size": [0.26517, 0.26517, 2.9375],
							"pivot": [0.375, -0.03661, -1],
							"rotation": [0, 0, 45],
							"uv": {
								"north": {"uv": [15, 14], "uv_size": [0.5, 0.5]},
								"east": {"uv": [0, 6], "uv_size": [3, 0.5]},
								"south": {"uv": [15, 15], "uv_size": [0.5, 0.5]},
								"down": {"uv": [3, 9], "uv_size": [0.5, -3]}
							}
						},
						{
							"origin": [-0.233, 0.21875, -2.875],
							"size": [0.46599, 0.0625, 1.75],
							"pivot": [0, 0.78125, -2],
							"rotation": [0, 0, 45],
							"uv": {
								"north": {"uv": [7, 18], "uv_size": [0.5, 0.5]},
								"south": {"uv": [18, 7], "uv_size": [0.5, 0.5]},
								"up": {"uv": [9, 11], "uv_size": [0.5, 2]},
								"down": {"uv": [10, 13], "uv_size": [0.5, -2]}
							}
						},
						{
							"origin": [-0.233, 0.21875, -2.875],
							"size": [0.46599, 0.0625, 1.75],
							"uv": {
								"north": {"uv": [8, 18], "uv_size": [0.5, 0.5]},
								"south": {"uv": [18, 8], "uv_size": [0.5, 0.5]},
								"up": {"uv": [11, 11], "uv_size": [0.5, 2]},
								"down": {"uv": [1, 14], "uv_size": [0.5, -2]}
							}
						},
						{
							"origin": [-0.5625, 0.54825, -2.875],
							"size": [0.0625, 0.46599, 1.75],
							"pivot": [0, 0.78125, -2],
							"rotation": [0, 0, 45],
							"uv": {
								"north": {"uv": [9, 18], "uv_size": [0.5, 0.5]},
								"east": {"uv": [12, 5], "uv_size": [2, 0.5]},
								"south": {"uv": [18, 9], "uv_size": [0.5, 0.5]},
								"west": {"uv": [12, 6], "uv_size": [2, 0.5]}
							}
						},
						{
							"origin": [-0.5625, 0.54825, -2.875],
							"size": [0.0625, 0.46599, 1.75],
							"uv": {
								"north": {"uv": [10, 18], "uv_size": [0.5, 0.5]},
								"east": {"uv": [12, 7], "uv_size": [2, 0.5]},
								"south": {"uv": [18, 10], "uv_size": [0.5, 0.5]},
								"west": {"uv": [12, 8], "uv_size": [2, 0.5]}
							}
						},
						{
							"origin": [-0.5, 0.54825, -2.8135],
							"size": [1, 0.46599, 0],
							"uv": {
								"north": {"uv": [10, 15], "uv_size": [1, 0.5]}
							}
						},
						{
							"origin": [-0.5, 0.54825, -2.8135],
							"size": [1, 0.46599, 0],
							"pivot": [0, 0.78125, -2.8135],
							"rotation": [0, 0, 45],
							"uv": {
								"north": {"uv": [15, 10], "uv_size": [1, 0.5]}
							}
						},
						{
							"origin": [-0.5, 0.54825, -2.8135],
							"size": [1, 0.46599, 0],
							"pivot": [0, 0.78125, -2.8135],
							"rotation": [0, 0, 90],
							"uv": {
								"north": {"uv": [11, 15], "uv_size": [1, 0.5]}
							}
						},
						{
							"origin": [-0.5, 0.54825, -2.8135],
							"size": [1, 0.46599, 0],
							"pivot": [0, 0.78125, -2.8135],
							"rotation": [0, 0, 135],
							"uv": {
								"north": {"uv": [15, 11], "uv_size": [1, 0.5]}
							}
						},
						{
							"origin": [-0.233, 1.28125, -2.875],
							"size": [0.46599, 0.0625, 1.75],
							"uv": {
								"north": {"uv": [17, 18], "uv_size": [0.5, 0.5]},
								"south": {"uv": [18, 17], "uv_size": [0.5, 0.5]},
								"up": {"uv": [6, 13], "uv_size": [0.5, 2]},
								"down": {"uv": [7, 15], "uv_size": [0.5, -2]}
							}
						},
						{
							"origin": [-0.233, 1.28125, -2.875],
							"size": [0.46599, 0.0625, 1.75],
							"pivot": [0, 0.78125, -2],
							"rotation": [0, 0, 45],
							"uv": {
								"north": {"uv": [16, 18], "uv_size": [0.5, 0.5]},
								"south": {"uv": [18, 16], "uv_size": [0.5, 0.5]},
								"up": {"uv": [13, 3], "uv_size": [0.5, 2]},
								"down": {"uv": [4, 15], "uv_size": [0.5, -2]}
							}
						},
						{
							"origin": [0.5, 0.54825, -2.875],
							"size": [0.0625, 0.46599, 1.75],
							"uv": {
								"north": {"uv": [15, 18], "uv_size": [0.5, 0.5]},
								"east": {"uv": [13, 1], "uv_size": [2, 0.5]},
								"south": {"uv": [18, 15], "uv_size": [0.5, 0.5]},
								"west": {"uv": [2, 13], "uv_size": [2, 0.5]}
							}
						},
						{
							"origin": [0.5, 0.54825, -2.875],
							"size": [0.0625, 0.46599, 1.75],
							"pivot": [0, 0.78125, -2],
							"rotation": [0, 0, 45],
							"uv": {
								"north": {"uv": [14, 18], "uv_size": [0.5, 0.5]},
								"east": {"uv": [12, 11], "uv_size": [2, 0.5]},
								"south": {"uv": [18, 14], "uv_size": [0.5, 0.5]},
								"west": {"uv": [12, 12], "uv_size": [2, 0.5]}
							}
						},
						{
							"origin": [-0.5, -0.125, -2.9375],
							"size": [0.125, 0.125, 2.9375],
							"uv": {
								"north": {"uv": [1, 16], "uv_size": [0.5, 0.5]},
								"east": {"uv": [0, 7], "uv_size": [3, 0.5]},
								"south": {"uv": [16, 1], "uv_size": [0.5, 0.5]},
								"down": {"uv": [7, 3], "uv_size": [0.5, -3]}
							}
						},
						{
							"origin": [-0.4375, -0.09911, -2.9375],
							"size": [0.26517, 0.26517, 2.9375],
							"pivot": [-0.375, -0.03661, -1],
							"rotation": [0, 0, -45],
							"uv": {
								"north": {"uv": [0, 16], "uv_size": [0.5, 0.5]},
								"south": {"uv": [16, 0], "uv_size": [0.5, 0.5]},
								"west": {"uv": [6, 5], "uv_size": [3, 0.5]},
								"down": {"uv": [6, 9], "uv_size": [0.5, -3]}
							}
						}
					]
				},
				{
					"name": "ocular_ring",
					"pivot": [-4, 1, 0],
					"cubes": [
						{
							"origin": [-0.31066, 0.25, 0],
							"size": [0.62132, 0.125, 0.25],
							"pivot": [0, 1, 0],
							"rotation": [0, 0, 45],
							"uv": {
								"north": {"uv": [20, 7], "uv_size": [0.5, 0.5]},
								"south": {"uv": [8, 20], "uv_size": [0.5, 0.5]},
								"up": {"uv": [20, 8], "uv_size": [0.5, 0.5]},
								"down": {"uv": [9, 20.5], "uv_size": [0.5, -0.5]}
							}
						},
						{
							"origin": [-0.06066, 1.625, 0],
							"size": [0.37132, 0.125, 0.25],
							"pivot": [0, 1, 0],
							"rotation": [0, 0, 45],
							"uv": {
								"north": {"uv": [20, 15], "uv_size": [0.5, 0.5]},
								"south": {"uv": [16, 20], "uv_size": [0.5, 0.5]},
								"up": {"uv": [20, 16], "uv_size": [0.5, 0.5]},
								"down": {"uv": [17, 20.5], "uv_size": [0.5, -0.5]}
							}
						},
						{
							"origin": [-0.31066, 0.25, 0],
							"size": [0.62132, 0.125, 0.25],
							"uv": {
								"north": {"uv": [20, 13], "uv_size": [0.5, 0.5]},
								"south": {"uv": [14, 20], "uv_size": [0.5, 0.5]},
								"up": {"uv": [20, 14], "uv_size": [0.5, 0.5]},
								"down": {"uv": [15, 20.5], "uv_size": [0.5, -0.5]}
							}
						},
						{
							"origin": [0.625, 0.68934, 0],
							"size": [0.125, 0.62132, 0.25],
							"pivot": [0, 1, 0],
							"rotation": [0, 0, 45],
							"uv": {
								"north": {"uv": [20, 9], "uv_size": [0.5, 0.5]},
								"east": {"uv": [10, 20], "uv_size": [0.5, 0.5]},
								"south": {"uv": [20, 10], "uv_size": [0.5, 0.5]},
								"west": {"uv": [11, 20], "uv_size": [0.5, 0.5]}
							}
						},
						{
							"origin": [0.625, 0.68934, 0],
							"size": [0.125, 0.62132, 0.25],
							"uv": {
								"north": {"uv": [20, 11], "uv_size": [0.5, 0.5]},
								"east": {"uv": [12, 20], "uv_size": [0.5, 0.5]},
								"south": {"uv": [20, 12], "uv_size": [0.5, 0.5]},
								"west": {"uv": [13, 20], "uv_size": [0.5, 0.5]}
							}
						},
						{
							"origin": [-0.75, 0.68934, 0],
							"size": [0.125, 0.62132, 0.25],
							"uv": {
								"north": {"uv": [20, 19], "uv_size": [0.5, 0.5]},
								"east": {"uv": [20, 20], "uv_size": [0.5, 0.5]},
								"south": {"uv": [0, 21], "uv_size": [0.5, 0.5]},
								"west": {"uv": [21, 0], "uv_size": [0.5, 0.5]}
							}
						},
						{
							"origin": [-0.75, 0.68934, 0],
							"size": [0.125, 0.37132, 0.25],
							"pivot": [0, 1, 0],
							"rotation": [0, 0, 45],
							"uv": {
								"north": {"uv": [20, 17], "uv_size": [0.5, 0.5]},
								"east": {"uv": [18, 20], "uv_size": [0.5, 0.5]},
								"south": {"uv": [20, 18], "uv_size": [0.5, 0.5]},
								"west": {"uv": [19, 20], "uv_size": [0.5, 0.5]}
							}
						},
						{
							"origin": [0.23928, 0.72151, 0],
							"size": [0.125, 0.97487, 0.25],
							"pivot": [0.30178, 1.51072, 0.125],
							"rotation": [0, 0, 90],
							"uv": {
								"north": {"uv": [15, 2], "uv_size": [0.5, 1]},
								"east": {"uv": [15, 3], "uv_size": [0.5, 1]},
								"south": {"uv": [4, 15], "uv_size": [0.5, 1]},
								"west": {"uv": [15, 4], "uv_size": [0.5, 1]}
							}
						}
					]
				},
				{
					"name": "ammo_show",
					"parent": "ocular_ring",
					"pivot": [-0.1875, 0.5565, 0.1895]
				},
				{
					"name": "text_iff",
					"parent": "ocular_ring",
					"pivot": [-0.3137, 1.3389, 0.1895]
				},
				{
					"name": "text_ok",
					"parent": "ocular_ring",
					"pivot": [0.3237, 1.3389, 0.1895]
				},
				{
					"name": "ocular_part_illuminated",
					"parent": "ocular_ring",
					"pivot": [-0.21875, 0.5625, 0.1885],
					"cubes": [
						{
							"origin": [-0.3125, 0.5, 0.1885],
							"size": [0.25, 0.125, 0],
							"uv": {
								"north": {"uv": [3, 23], "uv_size": [0.5, 0.5]},
								"east": {"uv": [0, 0], "uv_size": [0, 0.5]},
								"south": {"uv": [23, 3], "uv_size": [0.5, 0.5]},
								"west": {"uv": [0, 0], "uv_size": [0, 0.5]},
								"up": {"uv": [0, 0], "uv_size": [0.5, 0]},
								"down": {"uv": [0, 0], "uv_size": [0.5, 0]}
							}
						},
						{
							"origin": [-0.0475, 0.51, 0.1885],
							"size": [0.01, 0.105, 0],
							"uv": {
								"north": {"uv": [3.5, 23], "uv_size": [-0.5, 0.5]},
								"east": {"uv": [0, 0], "uv_size": [0, 0.5]},
								"south": {"uv": [23.5, 3], "uv_size": [-0.5, 0.5]},
								"west": {"uv": [0, 0], "uv_size": [0, 0.5]},
								"up": {"uv": [0.5, 0], "uv_size": [-0.5, 0]},
								"down": {"uv": [0.5, 0], "uv_size": [-0.5, 0]}
							}
						},
						{
							"origin": [0.3025, 0.51, 0.1885],
							"size": [0.01, 0.105, 0],
							"uv": {
								"north": {"uv": [3.5, 23], "uv_size": [-0.5, 0.5]},
								"east": {"uv": [0, 0], "uv_size": [0, 0.5]},
								"south": {"uv": [23.5, 3], "uv_size": [-0.5, 0.5]},
								"west": {"uv": [0, 0], "uv_size": [0, 0.5]},
								"up": {"uv": [0.5, 0], "uv_size": [-0.5, 0]},
								"down": {"uv": [0.5, 0], "uv_size": [-0.5, 0]}
							}
						},
						{
							"origin": [-0.0475, 0.615, 0.1885],
							"size": [0.36, 0.01, 0],
							"uv": {
								"north": {"uv": [3.5, 23], "uv_size": [-0.5, 0.5]},
								"east": {"uv": [0, 0], "uv_size": [0, 0.5]},
								"south": {"uv": [23.5, 3], "uv_size": [-0.5, 0.5]},
								"west": {"uv": [0, 0], "uv_size": [0, 0.5]},
								"up": {"uv": [0.5, 0], "uv_size": [-0.5, 0]},
								"down": {"uv": [0.5, 0], "uv_size": [-0.5, 0]}
							}
						},
						{
							"origin": [-0.0475, 0.5, 0.1885],
							"size": [0.36, 0.01, 0],
							"uv": {
								"north": {"uv": [3.5, 23], "uv_size": [-0.5, 0.5]},
								"east": {"uv": [0, 0], "uv_size": [0, 0.5]},
								"south": {"uv": [23.5, 3], "uv_size": [-0.5, 0.5]},
								"west": {"uv": [0, 0], "uv_size": [0, 0.5]},
								"up": {"uv": [0.5, 0], "uv_size": [-0.5, 0]},
								"down": {"uv": [0.5, 0], "uv_size": [-0.5, 0]}
							}
						},
						{
							"origin": [0.33375, 1.29688, 0.1885],
							"size": [0.01, 0.1, 0],
							"uv": {
								"north": {"uv": [14, 23], "uv_size": [0.5, 0.5]},
								"east": {"uv": [0, 0], "uv_size": [0, 0.5]},
								"south": {"uv": [23, 14], "uv_size": [0.5, 0.5]},
								"west": {"uv": [0, 0], "uv_size": [0, 0.5]},
								"up": {"uv": [0, 0], "uv_size": [0.5, 0]},
								"down": {"uv": [0, 0], "uv_size": [0.5, 0]}
							}
						},
						{
							"origin": [0.4238, 1.29688, 0.1885],
							"size": [0.01, 0.1, 0],
							"uv": {
								"north": {"uv": [14, 23], "uv_size": [0.5, 0.5]},
								"east": {"uv": [0, 0], "uv_size": [0, 0.5]},
								"south": {"uv": [23, 14], "uv_size": [0.5, 0.5]},
								"west": {"uv": [0, 0], "uv_size": [0, 0.5]},
								"up": {"uv": [0, 0], "uv_size": [0.5, 0]},
								"down": {"uv": [0, 0], "uv_size": [0.5, 0]}
							}
						},
						{
							"origin": [0.3438, 1.29688, 0.1885],
							"size": [0.08, 0.01, 0],
							"uv": {
								"north": {"uv": [14, 23], "uv_size": [0.5, 0.5]},
								"east": {"uv": [0, 0], "uv_size": [0, 0.5]},
								"south": {"uv": [23, 14], "uv_size": [0.5, 0.5]},
								"west": {"uv": [0, 0], "uv_size": [0, 0.5]},
								"up": {"uv": [0, 0], "uv_size": [0.5, 0]},
								"down": {"uv": [0, 0], "uv_size": [0.5, 0]}
							}
						},
						{
							"origin": [0.3438, 1.3869, 0.1885],
							"size": [0.08, 0.01, 0],
							"uv": {
								"north": {"uv": [14, 23], "uv_size": [0.5, 0.5]},
								"east": {"uv": [0, 0], "uv_size": [0, 0.5]},
								"south": {"uv": [23, 14], "uv_size": [0.5, 0.5]},
								"west": {"uv": [0, 0], "uv_size": [0, 0.5]},
								"up": {"uv": [0, 0], "uv_size": [0.5, 0]},
								"down": {"uv": [0, 0], "uv_size": [0.5, 0]}
							}
						},
						{
							"origin": [-0.4338, 1.29688, 0.1885],
							"size": [0.01, 0.1, 0],
							"uv": {
								"north": {"uv": [14.5, 23], "uv_size": [-0.5, 0.5]},
								"east": {"uv": [0, 0], "uv_size": [0, 0.5]},
								"south": {"uv": [23.5, 14], "uv_size": [-0.5, 0.5]},
								"west": {"uv": [0, 0], "uv_size": [0, 0.5]},
								"up": {"uv": [0.5, 0], "uv_size": [-0.5, 0]},
								"down": {"uv": [0.5, 0], "uv_size": [-0.5, 0]}
							}
						},
						{
							"origin": [-0.4238, 1.3869, 0.1885],
							"size": [0.08, 0.01, 0],
							"uv": {
								"north": {"uv": [14.5, 23], "uv_size": [-0.5, 0.5]},
								"east": {"uv": [0, 0], "uv_size": [0, 0.5]},
								"south": {"uv": [23.5, 14], "uv_size": [-0.5, 0.5]},
								"west": {"uv": [0, 0], "uv_size": [0, 0.5]},
								"up": {"uv": [0.5, 0], "uv_size": [-0.5, 0]},
								"down": {"uv": [0.5, 0], "uv_size": [-0.5, 0]}
							}
						},
						{
							"origin": [-0.34375, 1.29688, 0.1885],
							"size": [0.01, 0.1, 0],
							"uv": {
								"north": {"uv": [14.5, 23], "uv_size": [-0.5, 0.5]},
								"east": {"uv": [0, 0], "uv_size": [0, 0.5]},
								"south": {"uv": [23.5, 14], "uv_size": [-0.5, 0.5]},
								"west": {"uv": [0, 0], "uv_size": [0, 0.5]},
								"up": {"uv": [0.5, 0], "uv_size": [-0.5, 0]},
								"down": {"uv": [0.5, 0], "uv_size": [-0.5, 0]}
							}
						},
						{
							"origin": [-0.3237, 1.29688, 0.1885],
							"size": [0.01, 0.1, 0],
							"uv": {
								"north": {"uv": [14.5, 23], "uv_size": [-0.5, 0.5]},
								"east": {"uv": [0, 0], "uv_size": [0, 0.5]},
								"south": {"uv": [23.5, 14], "uv_size": [-0.5, 0.5]},
								"west": {"uv": [0, 0], "uv_size": [0, 0.5]},
								"up": {"uv": [0.5, 0], "uv_size": [-0.5, 0]},
								"down": {"uv": [0.5, 0], "uv_size": [-0.5, 0]}
							}
						},
						{
							"origin": [-0.0837, 1.29688, 0.1885],
							"size": [0.01, 0.1, 0],
							"uv": {
								"north": {"uv": [14.5, 23], "uv_size": [-0.5, 0.5]},
								"east": {"uv": [0, 0], "uv_size": [0, 0.5]},
								"south": {"uv": [23.5, 14], "uv_size": [-0.5, 0.5]},
								"west": {"uv": [0, 0], "uv_size": [0, 0.5]},
								"up": {"uv": [0.5, 0], "uv_size": [-0.5, 0]},
								"down": {"uv": [0.5, 0], "uv_size": [-0.5, 0]}
							}
						},
						{
							"origin": [-0.4137, 1.3169, 0.1885],
							"size": [0.06, 0.06, 0],
							"uv": {
								"north": {"uv": [14.5, 23], "uv_size": [-0.5, 0.5]},
								"east": {"uv": [0, 0], "uv_size": [0, 0.5]},
								"south": {"uv": [23.5, 14], "uv_size": [-0.5, 0.5]},
								"west": {"uv": [0, 0], "uv_size": [0, 0.5]},
								"up": {"uv": [0.5, 0], "uv_size": [-0.5, 0]},
								"down": {"uv": [0.5, 0], "uv_size": [-0.5, 0]}
							}
						},
						{
							"origin": [-0.4238, 1.29688, 0.1885],
							"size": [0.08, 0.01, 0],
							"uv": {
								"north": {"uv": [14.5, 23], "uv_size": [-0.5, 0.5]},
								"east": {"uv": [0, 0], "uv_size": [0, 0.5]},
								"south": {"uv": [23.5, 14], "uv_size": [-0.5, 0.5]},
								"west": {"uv": [0, 0], "uv_size": [0, 0.5]},
								"up": {"uv": [0.5, 0], "uv_size": [-0.5, 0]},
								"down": {"uv": [0.5, 0], "uv_size": [-0.5, 0]}
							}
						},
						{
							"origin": [-0.4838, 1.3869, 0.1885],
							"size": [0.23, 0.01, 0],
							"pivot": [-0.2838, 1.34689, 0.1885],
							"rotation": [0, 0, -180],
							"uv": {
								"north": {"uv": [14.5, 23], "uv_size": [-0.5, 0.5]},
								"east": {"uv": [0, 0], "uv_size": [0, 0.5]},
								"south": {"uv": [23.5, 14], "uv_size": [-0.5, 0.5]},
								"west": {"uv": [0, 0], "uv_size": [0, 0.5]},
								"up": {"uv": [0.5, 0], "uv_size": [-0.5, 0]},
								"down": {"uv": [0.5, 0], "uv_size": [-0.5, 0]}
							}
						},
						{
							"origin": [-0.4838, 1.29688, 0.1885],
							"size": [0.23, 0.01, 0],
							"pivot": [-0.2838, 1.34689, 0.1885],
							"rotation": [0, 0, -180],
							"uv": {
								"north": {"uv": [14.5, 23], "uv_size": [-0.5, 0.5]},
								"east": {"uv": [0, 0], "uv_size": [0, 0.5]},
								"south": {"uv": [23.5, 14], "uv_size": [-0.5, 0.5]},
								"west": {"uv": [0, 0], "uv_size": [0, 0.5]},
								"up": {"uv": [0.5, 0], "uv_size": [-0.5, 0]},
								"down": {"uv": [0.5, 0], "uv_size": [-0.5, 0]}
							}
						}
					]
				},
				{
					"name": "ocular",
					"pivot": [0, 0.9081, 0.1875],
					"cubes": [
						{
							"origin": [-0.44531, 0.43934, 0.1875],
							"size": [0.89063, 0.125, 0],
							"uv": {
								"south": {"uv": [5, 15], "uv_size": [1, 0.5]}
							}
						},
						{
							"origin": [-0.38281, 0.37684, 0.1875],
							"size": [0.76563, 0.0625, 0],
							"uv": {
								"south": {"uv": [5, 15], "uv_size": [1, 0.5]}
							}
						},
						{
							"origin": [-0.625, 0.56434, 0.1875],
							"size": [1.25, 0.87132, 0],
							"uv": {
								"south": {"uv": [11, 4], "uv_size": [1.5, 1]}
							}
						},
						{
							"origin": [-0.5625, 1.43566, 0.1875],
							"size": [1.125, 0.03125, 0],
							"uv": {
								"south": {"uv": [12, 15], "uv_size": [1, 0.5]}
							}
						}
					]
				},
				{
					"name": "scope_view",
					"pivot": [0, 0.9081, 4]
				},
				{
					"name": "division",
					"pivot": [0, 0.9081, -24]
				},
				{
					"name": "division_illuminated",
					"parent": "division",
					"pivot": [0, 0.9081, -24],
					"cubes": [
						{
							"origin": [-0.125, 0.7831, -24],
							"size": [0.25, 0.25, 0],
							"pivot": [0, 0.9081, -24],
							"rotation": [0, 0, -45],
							"uv": {
								"south": {"uv": [23, 2], "uv_size": [0.5, 0.5]}
							}
						}
					]
				}
			]
		}
	]
}