{
	"format_version": "1.12.0",
	"minecraft:geometry": [
		{
			"description": {
				"identifier": "geometry.unknown",
				"texture_width": 16,
				"texture_height": 16,
				"visible_bounds_width": 3,
				"visible_bounds_height": 1.5,
				"visible_bounds_offset": [0, 0.25, 0]
			},
			"bones": [
				{
					"name": "scope_body",
					"pivot": [0, 0, -0.25]
				},
				{
					"name": "main",
					"parent": "scope_body",
					"pivot": [0, -0.125, -0.25],
					"cubes": [
						{
							"origin": [-0.5, 0, -0.5],
							"size": [1, 0.125, 0.5],
							"uv": {
								"north": {"uv": [1, 0], "uv_size": [1, 0.5]},
								"south": {"uv": [1, 1], "uv_size": [1, 0.5]},
								"up": {"uv": [0, 2], "uv_size": [1, 0.5]},
								"down": {"uv": [2, 0.5], "uv_size": [1, -0.5]}
							}
						},
						{
							"origin": [-0.5, 0.125, -0.375],
							"size": [1, 0.125, 0.25],
							"uv": {
								"north": {"uv": [1, 2], "uv_size": [1, 0.5]},
								"south": {"uv": [2, 1], "uv_size": [1, 0.5]},
								"up": {"uv": [2, 2], "uv_size": [1, 0.5]},
								"down": {"uv": [0, 3.5], "uv_size": [1, -0.5]}
							}
						},
						{
							"origin": [-0.375, 0.25, -0.3125],
							"size": [0.75, 0.0625, 0.125],
							"uv": {
								"north": {"uv": [1, 4], "uv_size": [1, 0.5]},
								"south": {"uv": [4, 1], "uv_size": [1, 0.5]},
								"up": {"uv": [2, 4], "uv_size": [1, 0.5]}
							}
						},
						{
							"origin": [-0.4375, 0.125, -0.3125],
							"size": [0.0625, 1.125, 0.125],
							"uv": {
								"north": {"uv": [3, 0], "uv_size": [0.5, 1]},
								"east": {"uv": [1, 3], "uv_size": [0.5, 1]},
								"south": {"uv": [3, 1], "uv_size": [0.5, 1]},
								"west": {"uv": [2, 3], "uv_size": [0.5, 1]}
							}
						},
						{
							"origin": [0.375, 0.125, -0.3125],
							"size": [0.0625, 1.125, 0.125],
							"uv": {
								"north": {"uv": [3, 2], "uv_size": [0.5, 1]},
								"east": {"uv": [3, 3], "uv_size": [0.5, 1]},
								"south": {"uv": [0, 4], "uv_size": [0.5, 1]},
								"west": {"uv": [4, 0], "uv_size": [0.5, 1]}
							}
						},
						{
							"origin": [-0.3125, 1.3125, -0.3125],
							"size": [0.625, 0.0625, 0.125],
							"uv": {
								"north": {"uv": [8, 4], "uv_size": [0.5, 0.5]},
								"south": {"uv": [5, 8], "uv_size": [0.5, 0.5]},
								"up": {"uv": [8, 5], "uv_size": [0.5, 0.5]},
								"down": {"uv": [6, 8.5], "uv_size": [0.5, -0.5]}
							}
						},
						{
							"origin": [0.33016, 1.41762, -0.3125],
							"size": [0.17678, 0.0625, 0.125],
							"pivot": [0.19443, 1.44887, -0.25],
							"rotation": [0, 0, 45],
							"uv": {
								"north": {"uv": [8, 6], "uv_size": [0.5, 0.5]},
								"south": {"uv": [7, 8], "uv_size": [0.5, 0.5]},
								"up": {"uv": [8, 7], "uv_size": [0.5, 0.5]},
								"down": {"uv": [8, 8.5], "uv_size": [0.5, -0.5]}
							}
						},
						{
							"origin": [-0.50693, 1.41762, -0.3125],
							"size": [0.17678, 0.0625, 0.125],
							"pivot": [-0.19443, 1.44887, -0.25],
							"rotation": [0, 0, -45],
							"uv": {
								"north": {"uv": [0, 9], "uv_size": [0.5, 0.5]},
								"south": {"uv": [9, 0], "uv_size": [0.5, 0.5]},
								"up": {"uv": [1, 9], "uv_size": [0.5, 0.5]},
								"down": {"uv": [9, 1.5], "uv_size": [0.5, -0.5]}
							}
						},
						{
							"origin": [0.33016, 0.14488, -0.3125],
							"size": [0.17678, 0.0625, 0.125],
							"pivot": [0.19443, 0.17613, -0.25],
							"rotation": [0, 0, -45],
							"uv": {
								"north": {"uv": [9, 3], "uv_size": [0.5, 0.5]},
								"south": {"uv": [4, 9], "uv_size": [0.5, 0.5]},
								"up": {"uv": [9, 4], "uv_size": [0.5, 0.5]}
							}
						},
						{
							"origin": [-0.50693, 0.14488, -0.3125],
							"size": [0.17678, 0.0625, 0.125],
							"pivot": [-0.19443, 0.17613, -0.25],
							"rotation": [0, 0, 45],
							"uv": {
								"north": {"uv": [2, 9], "uv_size": [0.5, 0.5]},
								"south": {"uv": [9, 2], "uv_size": [0.5, 0.5]},
								"up": {"uv": [3, 9], "uv_size": [0.5, 0.5]}
							}
						},
						{
							"origin": [0.48483, -0.06694, -0.375],
							"size": [0.25, 0.125, 0.25],
							"pivot": [0.23483, -0.06694, -0.25],
							"rotation": [0, 0, -45],
							"uv": {
								"north": {"uv": [8, 1], "uv_size": [0.5, 0.5]},
								"south": {"uv": [2, 8], "uv_size": [0.5, 0.5]},
								"up": {"uv": [8, 2], "uv_size": [0.5, 0.5]}
							}
						},
						{
							"origin": [-0.73483, -0.06694, -0.375],
							"size": [0.25, 0.125, 0.25],
							"pivot": [-0.23483, -0.06694, -0.25],
							"rotation": [0, 0, 45],
							"uv": {
								"north": {"uv": [3, 8], "uv_size": [0.5, 0.5]},
								"south": {"uv": [8, 3], "uv_size": [0.5, 0.5]},
								"up": {"uv": [4, 8], "uv_size": [0.5, 0.5]}
							}
						},
						{
							"origin": [0.5, 0, -0.5],
							"size": [0.125, 0.375, 0.5],
							"uv": {
								"north": {"uv": [5, 5], "uv_size": [0.5, 0.5]},
								"east": {"uv": [0, 6], "uv_size": [0.5, 0.5]},
								"west": {"uv": [6, 0], "uv_size": [0.5, 0.5]},
								"up": {"uv": [1, 6], "uv_size": [0.5, 0.5]},
								"down": {"uv": [6, 1.5], "uv_size": [0.5, -0.5]}
							}
						},
						{
							"origin": [0.5, 0.2936, -0.44728],
							"size": [0.125, 0.19134, 0.39944],
							"pivot": [0.5625, 0.29744, -0.19728],
							"rotation": [22.5, 0, 0],
							"uv": {
								"east": {"uv": [5, 9], "uv_size": [0.5, 0.5]},
								"south": {"uv": [9, 5], "uv_size": [0.5, 0.5]},
								"west": {"uv": [6, 9], "uv_size": [0.5, 0.5]},
								"up": {"uv": [9, 6], "uv_size": [0.5, 0.5]}
							}
						},
						{
							"origin": [-0.625, 0.2936, -0.44728],
							"size": [0.125, 0.19134, 0.39944],
							"pivot": [-0.5625, 0.29744, -0.19728],
							"rotation": [22.5, 0, 0],
							"uv": {
								"east": {"uv": [7, 9], "uv_size": [0.5, 0.5]},
								"south": {"uv": [9, 7], "uv_size": [0.5, 0.5]},
								"west": {"uv": [8, 9], "uv_size": [0.5, 0.5]},
								"up": {"uv": [9, 8], "uv_size": [0.5, 0.5]}
							}
						},
						{
							"origin": [0.65847, 0, -0.11742],
							"size": [0.17188, 0.375, 0.1875],
							"pivot": [0.72097, 0.1875, 0.13258],
							"rotation": [0, 45, 0],
							"uv": {
								"east": {"uv": [2, 6], "uv_size": [0.5, 0.5]},
								"south": {"uv": [6, 2], "uv_size": [0.5, 0.5]},
								"west": {"uv": [3, 6], "uv_size": [0.5, 0.5]},
								"up": {"uv": [6, 3], "uv_size": [0.5, 0.5]},
								"down": {"uv": [4, 6.5], "uv_size": [0.5, -0.5]}
							}
						},
						{
							"origin": [0.62722, 0.0625, -0.08617],
							"size": [0.23438, 0.25, 0.1875],
							"pivot": [0.72097, 0.1875, 0.13258],
							"rotation": [0, 45, 0],
							"uv": {
								"north": {"uv": [6, 4], "uv_size": [0.5, 0.5]},
								"east": {"uv": [5, 6], "uv_size": [0.5, 0.5]},
								"south": {"uv": [6, 5], "uv_size": [0.5, 0.5]},
								"west": {"uv": [6, 6], "uv_size": [0.5, 0.5]},
								"up": {"uv": [0, 7], "uv_size": [0.5, 0.5]},
								"down": {"uv": [7, 0.5], "uv_size": [0.5, -0.5]}
							}
						},
						{
							"origin": [-0.625, 0, -0.5],
							"size": [0.125, 0.375, 0.5],
							"uv": {
								"north": {"uv": [7, 6], "uv_size": [0.5, 0.5]},
								"east": {"uv": [7, 7], "uv_size": [0.5, 0.5]},
								"west": {"uv": [0, 8], "uv_size": [0.5, 0.5]},
								"up": {"uv": [8, 0], "uv_size": [0.5, 0.5]},
								"down": {"uv": [1, 8.5], "uv_size": [0.5, -0.5]}
							}
						},
						{
							"origin": [-0.83035, 0, -0.11742],
							"size": [0.17188, 0.375, 0.1875],
							"pivot": [-0.72097, 0.1875, 0.13258],
							"rotation": [0, -45, 0],
							"uv": {
								"east": {"uv": [4, 7], "uv_size": [0.5, 0.5]},
								"south": {"uv": [7, 4], "uv_size": [0.5, 0.5]},
								"west": {"uv": [5, 7], "uv_size": [0.5, 0.5]},
								"up": {"uv": [7, 5], "uv_size": [0.5, 0.5]},
								"down": {"uv": [6, 7.5], "uv_size": [0.5, -0.5]}
							}
						},
						{
							"origin": [-0.8616, 0.0625, -0.08617],
							"size": [0.23438, 0.25, 0.1875],
							"pivot": [-0.72097, 0.1875, 0.13258],
							"rotation": [0, -45, 0],
							"uv": {
								"north": {"uv": [1, 7], "uv_size": [0.5, 0.5]},
								"east": {"uv": [7, 1], "uv_size": [0.5, 0.5]},
								"south": {"uv": [2, 7], "uv_size": [0.5, 0.5]},
								"west": {"uv": [7, 2], "uv_size": [0.5, 0.5]},
								"up": {"uv": [3, 7], "uv_size": [0.5, 0.5]},
								"down": {"uv": [7, 3.5], "uv_size": [0.5, -0.5]}
							}
						},
						{
							"origin": [0.375, -0.125, -0.5],
							"size": [0.125, 0.125, 0.5],
							"uv": {
								"north": {"uv": [4, 2], "uv_size": [0.5, 0.5]},
								"south": {"uv": [3, 4], "uv_size": [0.5, 0.5]},
								"west": {"uv": [4, 3], "uv_size": [0.5, 0.5]},
								"down": {"uv": [4, 4.5], "uv_size": [0.5, -0.5]}
							}
						},
						{
							"origin": [0.25, -0.09911, -0.5],
							"size": [0.1875, 0.125, 0.5],
							"pivot": [0.375, -0.03661, -0.25],
							"rotation": [0, 0, 45],
							"uv": {
								"north": {"uv": [0, 5], "uv_size": [0.5, 0.5]},
								"south": {"uv": [5, 0], "uv_size": [0.5, 0.5]},
								"down": {"uv": [1, 5.5], "uv_size": [0.5, -0.5]}
							}
						},
						{
							"origin": [-0.4375, -0.09911, -0.5],
							"size": [0.1875, 0.125, 0.5],
							"pivot": [-0.375, -0.03661, -0.25],
							"rotation": [0, 0, -45],
							"uv": {
								"north": {"uv": [5, 3], "uv_size": [0.5, 0.5]},
								"south": {"uv": [4, 5], "uv_size": [0.5, 0.5]},
								"down": {"uv": [5, 4.5], "uv_size": [0.5, -0.5]}
							}
						},
						{
							"origin": [-0.5, -0.125, -0.5],
							"size": [0.125, 0.125, 0.5],
							"uv": {
								"north": {"uv": [5, 1], "uv_size": [0.5, 0.5]},
								"east": {"uv": [2, 5], "uv_size": [0.5, 0.5]},
								"south": {"uv": [5, 2], "uv_size": [0.5, 0.5]},
								"down": {"uv": [3, 5.5], "uv_size": [0.5, -0.5]}
							}
						}
					]
				},
				{
					"name": "text_ammo",
					"parent": "scope_body",
					"pivot": [0.25, 0.4375, -0.25]
				},
				{
					"name": "text_r",
					"parent": "scope_body",
					"pivot": [0.125, 0.4375, -0.25]
				},
				{
					"name": "ocular",
					"pivot": [0, 0.8125, -0.2495],
					"cubes": [
						{
							"origin": [-0.375, 0.3125, -0.25],
							"size": [0.75, 1, 0.001],
							"uv": {
								"north": {"uv": [0, 0], "uv_size": [1, 1]},
								"south": {"uv": [0, 1], "uv_size": [1, 1]}
							}
						}
					]
				},
				{
					"name": "scope_view",
					"pivot": [0, 0.8125, 4]
				},
				{
					"name": "division",
					"pivot": [0, 0.8125, -24]
				},
				{
					"name": "division_illuminated",
					"parent": "division",
					"pivot": [0, 0.8125, -24],
					"cubes": [
						{
							"origin": [-0.0625, 0.75, -24],
							"size": [0.125, 0.125, 0],
							"pivot": [0, 0.8125, -24],
							"rotation": [0, 0, 45],
							"uv": {
								"south": {"uv": [9, 9], "uv_size": [0.5, 0.5]}
							}
						},
						{
							"origin": [-0.5, 1, -24],
							"size": [0.0625, 0.25, 0],
							"uv": {
								"south": {"uv": [10, 0], "uv_size": [0.5, 0.5]}
							}
						},
						{
							"origin": [-0.5, 0.375, -24],
							"size": [0.0625, 0.25, 0],
							"uv": {
								"south": {"uv": [10, 2], "uv_size": [0.5, 0.5]}
							}
						},
						{
							"origin": [0.4375, 1, -24],
							"size": [0.0625, 0.25, 0],
							"uv": {
								"south": {"uv": [10, 3], "uv_size": [0.5, 0.5]}
							}
						},
						{
							"origin": [0.4375, 0.375, -24],
							"size": [0.0625, 0.25, 0],
							"uv": {
								"south": {"uv": [3, 10], "uv_size": [0.5, 0.5]}
							}
						},
						{
							"origin": [-0.5, 1.25, -24],
							"size": [0.3125, 0.0625, 0],
							"uv": {
								"south": {"uv": [0, 10], "uv_size": [0.5, 0.5]}
							}
						},
						{
							"origin": [-0.5, 0.3125, -24],
							"size": [0.3125, 0.0625, 0],
							"uv": {
								"south": {"uv": [1, 10], "uv_size": [0.5, 0.5]}
							}
						},
						{
							"origin": [0.1875, 0.3125, -24],
							"size": [0.3125, 0.0625, 0],
							"uv": {
								"south": {"uv": [2, 10], "uv_size": [0.5, 0.5]}
							}
						},
						{
							"origin": [0.1875, 1.25, -24],
							"size": [0.3125, 0.0625, 0],
							"uv": {
								"south": {"uv": [10, 1], "uv_size": [0.5, 0.5]}
							}
						}
					]
				}
			]
		}
	]
}