{
	"format_version": "1.12.0",
	"minecraft:geometry": [
		{
			"description": {
				"identifier": "geometry.unknown",
				"texture_width": 64,
				"texture_height": 64,
				"visible_bounds_width": 4,
				"visible_bounds_height": 1.5,
				"visible_bounds_offset": [0, 0.25, 0]
			},
			"bones": [
				{
					"name": "scope_body",
					"pivot": [0, 0, 0]
				},
				{
					"name": "body_main",
					"parent": "scope_body",
					"pivot": [0, -0.125, 0],
					"cubes": [
						{
							"origin": [-0.5, 0.125, -2],
							"size": [1, 0.125, 2],
							"uv": {
								"north": {"uv": [7, 4], "uv_size": [1, 0.5]},
								"south": {"uv": [7, 7], "uv_size": [1, 0.5]},
								"up": {"uv": [0, 0], "uv_size": [1, 2]}
							}
						},
						{
							"origin": [-0.5, 0, -2],
							"size": [1, 0.125, 2],
							"uv": {
								"north": {"uv": [9, 2], "uv_size": [1, 0.5]},
								"south": {"uv": [3, 9], "uv_size": [1, 0.5]},
								"down": {"uv": [1, 2], "uv_size": [1, -2]}
							}
						},
						{
							"origin": [-0.125, 0.03125, -1.75],
							"size": [0.25, 0.25, 0.1875],
							"uv": {
								"north": {"uv": [2, 14], "uv_size": [0.5, 0.5]},
								"east": {"uv": [14, 2], "uv_size": [0.5, 0.5]},
								"south": {"uv": [3, 14], "uv_size": [0.5, 0.5]},
								"west": {"uv": [14, 3], "uv_size": [0.5, 0.5]},
								"up": {"uv": [4, 14], "uv_size": [0.5, 0.5]}
							}
						},
						{
							"origin": [-0.125, 0.15625, -1.25],
							"size": [0.25, 0.125, 0.25],
							"pivot": [0, 0.15625, -1.125],
							"rotation": [0, 45, 0],
							"uv": {
								"north": {"uv": [13, 13], "uv_size": [0.5, 0.5]},
								"east": {"uv": [0, 14], "uv_size": [0.5, 0.5]},
								"south": {"uv": [14, 0], "uv_size": [0.5, 0.5]},
								"west": {"uv": [1, 14], "uv_size": [0.5, 0.5]},
								"up": {"uv": [14, 1], "uv_size": [0.5, 0.5]}
							}
						},
						{
							"origin": [0.375, 0.25, -1.9375],
							"size": [0.125, 0.25, 1.9375],
							"pivot": [-3, 0.25, 0],
							"rotation": [7.5, 0, 0],
							"uv": {
								"east": {"uv": [7, 1], "uv_size": [2, 0.5]},
								"south": {"uv": [5, 12], "uv_size": [0.5, 0.5]},
								"up": {"uv": [3, 7], "uv_size": [0.5, 2]}
							}
						},
						{
							"origin": [-0.5, 0.25, -1.9375],
							"size": [0.125, 0.25, 1.9375],
							"pivot": [-3, 0.25, 0],
							"rotation": [7.5, 0, 0],
							"uv": {
								"south": {"uv": [12, 5], "uv_size": [0.5, 0.5]},
								"west": {"uv": [7, 2], "uv_size": [2, 0.5]},
								"up": {"uv": [6, 7], "uv_size": [0.5, 2]}
							}
						},
						{
							"origin": [-0.25, 0.25, -0.25],
							"size": [0.5, 0.25, 0.25],
							"pivot": [-3, 0.25, 0],
							"rotation": [7.5, 0, 0],
							"uv": {
								"north": {"uv": [11, 12], "uv_size": [0.5, 0.5]},
								"south": {"uv": [12, 11], "uv_size": [0.5, 0.5]},
								"up": {"uv": [12, 12], "uv_size": [0.5, 0.5]}
							}
						},
						{
							"origin": [0.25, 0.25, -0.75],
							"size": [0.125, 0.25, 0.5],
							"pivot": [-3, 0.25, 0],
							"rotation": [7.5, 0, 0],
							"uv": {
								"east": {"uv": [3, 13], "uv_size": [0.5, 0.5]},
								"up": {"uv": [13, 3], "uv_size": [0.5, 0.5]}
							}
						},
						{
							"origin": [-0.375, 0.25, -0.75],
							"size": [0.125, 0.25, 0.5],
							"pivot": [3, 0.25, 0],
							"rotation": [7.5, 0, 0],
							"uv": {
								"west": {"uv": [6, 13], "uv_size": [0.5, 0.5]},
								"up": {"uv": [13, 6], "uv_size": [0.5, 0.5]}
							}
						},
						{
							"origin": [0.251, 0.00053, -0.82924],
							"size": [0.125, 0.25, 0.25],
							"pivot": [0.3125, 0.12553, -0.82924],
							"rotation": [52.5, 0, 0],
							"uv": {
								"east": {"uv": [4, 13], "uv_size": [0.5, 0.5]},
								"up": {"uv": [13, 4], "uv_size": [0.5, 0.5]}
							}
						},
						{
							"origin": [-0.376, 0.00053, -0.82924],
							"size": [0.125, 0.25, 0.25],
							"pivot": [-0.3125, 0.12553, -0.82924],
							"rotation": [52.5, 0, 0],
							"uv": {
								"west": {"uv": [5, 13], "uv_size": [0.5, 0.5]},
								"up": {"uv": [13, 5], "uv_size": [0.5, 0.5]}
							}
						},
						{
							"origin": [-0.26517, 0.1654, -0.26097],
							"size": [0.51517, 0.25, 0.24372],
							"pivot": [0, 0.29235, -0.63597],
							"rotation": [10.54684, 44.5119, 7.43656],
							"uv": {
								"north": {"uv": [0, 13], "uv_size": [0.5, 0.5]},
								"south": {"uv": [13, 0], "uv_size": [0.5, 0.5]},
								"up": {"uv": [1, 13], "uv_size": [0.5, 0.5]}
							}
						},
						{
							"origin": [-0.25, 0.1654, -0.26097],
							"size": [0.51517, 0.25, 0.24372],
							"pivot": [0, 0.29235, -0.63597],
							"rotation": [10.54684, -44.5119, -7.43656],
							"uv": {
								"north": {"uv": [13, 1], "uv_size": [0.5, 0.5]},
								"south": {"uv": [2, 13], "uv_size": [0.5, 0.5]},
								"up": {"uv": [13, 2], "uv_size": [0.5, 0.5]}
							}
						},
						{
							"origin": [-0.75, -0.125, -2.125],
							"size": [0.125, 0.3125, 2.125],
							"uv": {
								"north": {"uv": [5, 10], "uv_size": [0.5, 0.5]},
								"east": {"uv": [6, 0], "uv_size": [2, 0.5]},
								"south": {"uv": [10, 5], "uv_size": [0.5, 0.5]},
								"west": {"uv": [6, 3], "uv_size": [2, 0.5]},
								"up": {"uv": [4, 6], "uv_size": [0.5, 2]},
								"down": {"uv": [5, 8], "uv_size": [0.5, -2]}
							}
						},
						{
							"origin": [-0.78125, -0.03125, -0.21875],
							"size": [0.125, 0.125, 0.125],
							"pivot": [-0.71875, 0.03125, -0.15625],
							"rotation": [45, 0, 0],
							"uv": {
								"north": {"uv": [6, 12], "uv_size": [0.5, 0.5]},
								"east": {"uv": [12, 6], "uv_size": [0.5, 0.5]},
								"south": {"uv": [7, 12], "uv_size": [0.5, 0.5]},
								"up": {"uv": [12, 7], "uv_size": [0.5, 0.5]},
								"down": {"uv": [8, 12.5], "uv_size": [0.5, -0.5]}
							}
						},
						{
							"origin": [0.65625, -0.03125, -0.21875],
							"size": [0.125, 0.125, 0.125],
							"pivot": [0.71875, 0.03125, -0.15625],
							"rotation": [45, 0, 0],
							"uv": {
								"north": {"uv": [12, 8], "uv_size": [0.5, 0.5]},
								"south": {"uv": [9, 12], "uv_size": [0.5, 0.5]},
								"west": {"uv": [12, 9], "uv_size": [0.5, 0.5]},
								"up": {"uv": [10, 12], "uv_size": [0.5, 0.5]},
								"down": {"uv": [12, 10.5], "uv_size": [0.5, -0.5]}
							}
						},
						{
							"origin": [-0.75, 0.1875, -2.125],
							"size": [0.125, 0.1875, 0.4375],
							"uv": {
								"north": {"uv": [6, 10], "uv_size": [0.5, 0.5]},
								"east": {"uv": [10, 6], "uv_size": [0.5, 0.5]},
								"south": {"uv": [7, 10], "uv_size": [0.5, 0.5]},
								"up": {"uv": [10, 7], "uv_size": [0.5, 0.5]},
								"down": {"uv": [8, 10.5], "uv_size": [0.5, -0.5]}
							}
						},
						{
							"origin": [-0.749, 0.0625, -1.625],
							"size": [0.125, 0.125, 0.125],
							"pivot": [-0.25, 0.3125, -1.5625],
							"rotation": [-45, 0, 0],
							"uv": {
								"east": {"uv": [11, 0], "uv_size": [0.5, 0.5]},
								"up": {"uv": [1, 11], "uv_size": [0.5, 0.5]}
							}
						},
						{
							"origin": [-0.749, 0.59847, -2.09423],
							"size": [0.125, 0.05711, 0.43376],
							"pivot": [4.875, 0.28058, 0.03077],
							"rotation": [7.5, 0, 0],
							"uv": {
								"north": {"uv": [10, 8], "uv_size": [0.5, 0.5]},
								"east": {"uv": [9, 10], "uv_size": [0.5, 0.5]},
								"south": {"uv": [10, 9], "uv_size": [0.5, 0.5]},
								"up": {"uv": [10, 10], "uv_size": [0.5, 0.5]},
								"down": {"uv": [0, 11.5], "uv_size": [0.5, -0.5]}
							}
						},
						{
							"origin": [-0.625, 0, -2.125],
							"size": [0.125, 0.375, 2.125],
							"uv": {
								"north": {"uv": [9, 7], "uv_size": [0.5, 0.5]},
								"east": {"uv": [2, 3], "uv_size": [2, 0.5]},
								"south": {"uv": [8, 9], "uv_size": [0.5, 0.5]},
								"west": {"uv": [4, 0], "uv_size": [2, 0.5]},
								"up": {"uv": [4, 1], "uv_size": [0.5, 2]},
								"down": {"uv": [2, 6], "uv_size": [0.5, -2]}
							}
						},
						{
							"origin": [-0.75, 0.1875, -0.125],
							"size": [0.125, 0.1875, 0.125],
							"uv": {
								"east": {"uv": [11, 3], "uv_size": [0.5, 0.5]},
								"up": {"uv": [4, 11], "uv_size": [0.5, 0.5]}
							}
						},
						{
							"origin": [-0.749, 0.125, -0.125],
							"size": [0.125, 0.25, 0.125],
							"pivot": [-0.6875, 0.375, -0.125],
							"rotation": [-30, 0, 0],
							"uv": {
								"north": {"uv": [11, 4], "uv_size": [0.5, 0.5]},
								"east": {"uv": [5, 11], "uv_size": [0.5, 0.5]}
							}
						},
						{
							"origin": [-0.624, 0.37821, -2.09209],
							"size": [0.125, 0.27737, 2.10682],
							"pivot": [0, 0.26426, 0.03184],
							"rotation": [7.5, 0, 0],
							"uv": {
								"east": {"uv": [3, 4], "uv_size": [2, 0.5]},
								"south": {"uv": [9, 8], "uv_size": [0.5, 0.5]},
								"west": {"uv": [4, 3], "uv_size": [2, 0.5]},
								"up": {"uv": [0, 5], "uv_size": [0.5, 2]}
							}
						},
						{
							"origin": [-0.624, 0.00642, -0.03422],
							"size": [0.125, 0.37179, 0.04895],
							"pivot": [0, 0.26426, 0.03184],
							"rotation": [7.5, 0, 0],
							"uv": {
								"east": {"uv": [9, 9], "uv_size": [0.5, 0.5]},
								"south": {"uv": [0, 10], "uv_size": [0.5, 0.5]},
								"west": {"uv": [10, 0], "uv_size": [0.5, 0.5]},
								"down": {"uv": [1, 10.5], "uv_size": [0.5, -0.5]}
							}
						},
						{
							"origin": [-0.749, -0.11751, -0.05054],
							"size": [0.125, 0.49572, 0.06526],
							"pivot": [4, 0.26426, 0.03184],
							"rotation": [7.5, 0, 0],
							"uv": {
								"east": {"uv": [11, 1], "uv_size": [0.5, 0.5]},
								"south": {"uv": [2, 11], "uv_size": [0.5, 0.5]},
								"west": {"uv": [11, 2], "uv_size": [0.5, 0.5]},
								"down": {"uv": [3, 11.5], "uv_size": [0.5, -0.5]}
							}
						},
						{
							"origin": [0.625, -0.125, -2.125],
							"size": [0.125, 0.3125, 2.125],
							"uv": {
								"north": {"uv": [4, 12], "uv_size": [0.5, 0.5]},
								"east": {"uv": [6, 5], "uv_size": [2, 0.5]},
								"south": {"uv": [12, 4], "uv_size": [0.5, 0.5]},
								"west": {"uv": [6, 6], "uv_size": [2, 0.5]},
								"up": {"uv": [0, 7], "uv_size": [0.5, 2]},
								"down": {"uv": [1, 9], "uv_size": [0.5, -2]}
							}
						},
						{
							"origin": [0.65625, -0.15625, -2],
							"size": [0.125, 0.375, 0.25],
							"uv": {
								"north": {"uv": [7, 13], "uv_size": [0.5, 0.5]},
								"east": {"uv": [13, 7], "uv_size": [0.5, 0.5]},
								"south": {"uv": [8, 13], "uv_size": [0.5, 0.5]},
								"west": {"uv": [13, 8], "uv_size": [0.5, 0.5]},
								"up": {"uv": [9, 13], "uv_size": [0.5, 0.5]},
								"down": {"uv": [13, 9.5], "uv_size": [0.5, -0.5]}
							}
						},
						{
							"origin": [-0.78125, -0.15625, -2],
							"size": [0.125, 0.375, 0.25],
							"uv": {
								"north": {"uv": [10, 13], "uv_size": [0.5, 0.5]},
								"east": {"uv": [13, 10], "uv_size": [0.5, 0.5]},
								"south": {"uv": [11, 13], "uv_size": [0.5, 0.5]},
								"west": {"uv": [13, 11], "uv_size": [0.5, 0.5]},
								"up": {"uv": [12, 13], "uv_size": [0.5, 0.5]},
								"down": {"uv": [13, 12.5], "uv_size": [0.5, -0.5]}
							}
						},
						{
							"origin": [0.624, 0.59847, -2.09423],
							"size": [0.125, 0.05711, 0.43376],
							"pivot": [-4.875, 0.28058, 0.03077],
							"rotation": [7.5, 0, 0],
							"uv": {
								"north": {"uv": [12, 1], "uv_size": [0.5, 0.5]},
								"south": {"uv": [2, 12], "uv_size": [0.5, 0.5]},
								"west": {"uv": [12, 2], "uv_size": [0.5, 0.5]},
								"up": {"uv": [3, 12], "uv_size": [0.5, 0.5]},
								"down": {"uv": [12, 3.5], "uv_size": [0.5, -0.5]}
							}
						},
						{
							"origin": [0.624, 0.0625, -1.625],
							"size": [0.125, 0.125, 0.125],
							"pivot": [0.25, 0.3125, -1.5625],
							"rotation": [-45, 0, 0],
							"uv": {
								"west": {"uv": [12, 0], "uv_size": [0.5, 0.5]},
								"up": {"uv": [1, 12], "uv_size": [0.5, 0.5]}
							}
						},
						{
							"origin": [0.624, -0.11751, -0.05054],
							"size": [0.125, 0.49572, 0.06526],
							"pivot": [-4, 0.26426, 0.03184],
							"rotation": [7.5, 0, 0],
							"uv": {
								"east": {"uv": [10, 11], "uv_size": [0.5, 0.5]},
								"south": {"uv": [11, 10], "uv_size": [0.5, 0.5]},
								"west": {"uv": [11, 11], "uv_size": [0.5, 0.5]},
								"down": {"uv": [0, 12.5], "uv_size": [0.5, -0.5]}
							}
						},
						{
							"origin": [0.625, 0.1875, -0.125],
							"size": [0.125, 0.1875, 0.125],
							"uv": {
								"west": {"uv": [9, 11], "uv_size": [0.5, 0.5]},
								"up": {"uv": [11, 9], "uv_size": [0.5, 0.5]}
							}
						},
						{
							"origin": [0.624, 0.125, -0.125],
							"size": [0.125, 0.25, 0.125],
							"pivot": [0.6875, 0.375, -0.125],
							"rotation": [-30, 0, 0],
							"uv": {
								"north": {"uv": [8, 11], "uv_size": [0.5, 0.5]},
								"west": {"uv": [11, 8], "uv_size": [0.5, 0.5]}
							}
						},
						{
							"origin": [0.625, 0.1875, -2.125],
							"size": [0.125, 0.1875, 0.4375],
							"uv": {
								"north": {"uv": [11, 5], "uv_size": [0.5, 0.5]},
								"south": {"uv": [6, 11], "uv_size": [0.5, 0.5]},
								"west": {"uv": [11, 6], "uv_size": [0.5, 0.5]},
								"up": {"uv": [7, 11], "uv_size": [0.5, 0.5]},
								"down": {"uv": [11, 7.5], "uv_size": [0.5, -0.5]}
							}
						},
						{
							"origin": [0.499, 0.37821, -2.09209],
							"size": [0.125, 0.27737, 2.10682],
							"pivot": [0, 0.26426, 0.03184],
							"rotation": [7.5, 0, 0],
							"uv": {
								"east": {"uv": [4, 5], "uv_size": [2, 0.5]},
								"south": {"uv": [10, 4], "uv_size": [0.5, 0.5]},
								"west": {"uv": [5, 4], "uv_size": [2, 0.5]},
								"up": {"uv": [2, 6], "uv_size": [0.5, 2]}
							}
						},
						{
							"origin": [0.5, 0, -2.125],
							"size": [0.125, 0.375, 2.125],
							"uv": {
								"north": {"uv": [10, 3], "uv_size": [0.5, 0.5]},
								"east": {"uv": [5, 1], "uv_size": [2, 0.5]},
								"south": {"uv": [4, 10], "uv_size": [0.5, 0.5]},
								"west": {"uv": [5, 2], "uv_size": [2, 0.5]},
								"up": {"uv": [1, 5], "uv_size": [0.5, 2]},
								"down": {"uv": [3, 7], "uv_size": [0.5, -2]}
							}
						},
						{
							"origin": [-0.627, 0.1875, -0.9375],
							"size": [1.254, 0.375, 0.75],
							"uv": {
								"east": {"uv": [0, 32], "uv_size": [64, 32]},
								"west": {"uv": [0, 32], "uv_size": [64, 32]}
							}
						},
						{
							"origin": [0.499, 0.00642, -0.03422],
							"size": [0.125, 0.37179, 0.04895],
							"pivot": [0, 0.26426, 0.03184],
							"rotation": [7.5, 0, 0],
							"uv": {
								"east": {"uv": [10, 1], "uv_size": [0.5, 0.5]},
								"south": {"uv": [2, 10], "uv_size": [0.5, 0.5]},
								"west": {"uv": [10, 2], "uv_size": [0.5, 0.5]},
								"down": {"uv": [3, 10.5], "uv_size": [0.5, -0.5]}
							}
						},
						{
							"origin": [0.375, -0.125, -2],
							"size": [0.125, 0.125, 2],
							"uv": {
								"north": {"uv": [9, 3], "uv_size": [0.5, 0.5]},
								"south": {"uv": [4, 9], "uv_size": [0.5, 0.5]},
								"west": {"uv": [0, 2], "uv_size": [2, 0.5]},
								"down": {"uv": [2, 2], "uv_size": [0.5, -2]}
							}
						},
						{
							"origin": [0.25, -0.09911, -2],
							"size": [0.1875, 0.125, 2],
							"pivot": [0.375, -0.03661, -1],
							"rotation": [0, 0, 45],
							"uv": {
								"north": {"uv": [9, 5], "uv_size": [0.5, 0.5]},
								"south": {"uv": [6, 9], "uv_size": [0.5, 0.5]},
								"down": {"uv": [3, 2], "uv_size": [0.5, -2]}
							}
						},
						{
							"origin": [-0.4375, -0.09911, -2],
							"size": [0.1875, 0.125, 2],
							"pivot": [-0.375, -0.03661, -1],
							"rotation": [0, 0, -45],
							"uv": {
								"north": {"uv": [9, 6], "uv_size": [0.5, 0.5]},
								"south": {"uv": [7, 9], "uv_size": [0.5, 0.5]},
								"down": {"uv": [1, 5], "uv_size": [0.5, -2]}
							}
						},
						{
							"origin": [-0.5, -0.125, -2],
							"size": [0.125, 0.125, 2],
							"uv": {
								"north": {"uv": [9, 4], "uv_size": [0.5, 0.5]},
								"east": {"uv": [2, 2], "uv_size": [2, 0.5]},
								"south": {"uv": [5, 9], "uv_size": [0.5, 0.5]},
								"down": {"uv": [0, 5], "uv_size": [0.5, -2]}
							}
						}
					]
				},
				{
					"name": "body_illuminated",
					"parent": "scope_body",
					"pivot": [0, 0, 0],
					"cubes": [
						{
							"origin": [-0.5, 1.05679, -1.6895],
							"size": [0.125, 0.19891, 0.004],
							"pivot": [0, 1.15625, -0.6875],
							"rotation": [0, 0, 22.5],
							"uv": {
								"north": {"uv": [14, 11], "uv_size": [0.5, 0.5]},
								"south": {"uv": [12, 14], "uv_size": [0.5, 0.5]}
							}
						},
						{
							"origin": [-0.5, 1.16617, -1.6895],
							"size": [0.125, 0.08954, 0.004],
							"uv": {
								"north": {"uv": [14, 10], "uv_size": [0.5, 0.5]},
								"south": {"uv": [11, 14], "uv_size": [0.5, 0.5]}
							}
						},
						{
							"origin": [-0.5, 1.05679, -1.6895],
							"size": [0.125, 0.19891, 0.004],
							"pivot": [0, 1.15625, -0.6875],
							"rotation": [0, 0, -22.5],
							"uv": {
								"north": {"uv": [14, 9], "uv_size": [0.5, 0.5]},
								"south": {"uv": [10, 14], "uv_size": [0.5, 0.5]}
							}
						},
						{
							"origin": [-0.09946, 0.65625, -1.6895],
							"size": [0.19891, 0.125, 0.004],
							"pivot": [0, 1.15625, -0.6875],
							"rotation": [0, 0, 45],
							"uv": {
								"north": {"uv": [14, 8], "uv_size": [0.5, 0.5]},
								"south": {"uv": [9, 14], "uv_size": [0.5, 0.5]}
							}
						},
						{
							"origin": [-0.09946, 1.53125, -1.6895],
							"size": [0.19891, 0.125, 0.004],
							"pivot": [0, 1.15625, -0.6875],
							"rotation": [0, 0, 22.5],
							"uv": {
								"north": {"uv": [14, 7], "uv_size": [0.5, 0.5]},
								"south": {"uv": [8, 14], "uv_size": [0.5, 0.5]}
							}
						},
						{
							"origin": [-0.09946, 1.53125, -1.6895],
							"size": [0.19891, 0.125, 0.004],
							"uv": {
								"north": {"uv": [14, 6], "uv_size": [0.5, 0.5]},
								"south": {"uv": [7, 14], "uv_size": [0.5, 0.5]}
							}
						},
						{
							"origin": [-0.09946, 1.53125, -1.6895],
							"size": [0.19891, 0.125, 0.004],
							"pivot": [0, 1.15625, -0.6875],
							"rotation": [0, 0, -22.5],
							"uv": {
								"north": {"uv": [14, 5], "uv_size": [0.5, 0.5]},
								"south": {"uv": [6, 14], "uv_size": [0.5, 0.5]}
							}
						},
						{
							"origin": [-0.09946, 1.53125, -1.6895],
							"size": [0.19891, 0.125, 0.004],
							"pivot": [0, 1.15625, -0.6875],
							"rotation": [0, 0, -45],
							"uv": {
								"north": {"uv": [14, 4], "uv_size": [0.5, 0.5]},
								"south": {"uv": [5, 14], "uv_size": [0.5, 0.5]}
							}
						},
						{
							"origin": [-0.09946, 0.65625, -1.6895],
							"size": [0.19891, 0.125, 0.004],
							"pivot": [0, 1.15625, -0.6875],
							"rotation": [0, 0, -45],
							"uv": {
								"north": {"uv": [2, 15], "uv_size": [0.5, 0.5]},
								"south": {"uv": [15, 2], "uv_size": [0.5, 0.5]}
							}
						},
						{
							"origin": [-0.09946, 1.53125, -1.6895],
							"size": [0.19891, 0.125, 0.004],
							"pivot": [0, 1.15625, -0.6875],
							"rotation": [0, 0, 45],
							"uv": {
								"north": {"uv": [1, 15], "uv_size": [0.5, 0.5]},
								"south": {"uv": [15, 1], "uv_size": [0.5, 0.5]}
							}
						},
						{
							"origin": [0.375, 1.05679, -1.6895],
							"size": [0.125, 0.19891, 0.004],
							"pivot": [0, 1.15625, -0.6875],
							"rotation": [0, 0, -22.5],
							"uv": {
								"north": {"uv": [0, 15], "uv_size": [0.5, 0.5]},
								"south": {"uv": [15, 0], "uv_size": [0.5, 0.5]}
							}
						},
						{
							"origin": [0.375, 1.05679, -1.6895],
							"size": [0.125, 0.19891, 0.004],
							"pivot": [0, 1.15625, -0.6875],
							"rotation": [0, 0, 22.5],
							"uv": {
								"north": {"uv": [14, 13], "uv_size": [0.5, 0.5]},
								"south": {"uv": [14, 14], "uv_size": [0.5, 0.5]}
							}
						},
						{
							"origin": [0.375, 1.16617, -1.6895],
							"size": [0.125, 0.08954, 0.004],
							"uv": {
								"north": {"uv": [14, 12], "uv_size": [0.5, 0.5]},
								"south": {"uv": [13, 14], "uv_size": [0.5, 0.5]}
							}
						},
						{
							"origin": [0.375, 1.05679, -1.6895],
							"size": [0.125, 0.08954, 0.004],
							"uv": {
								"north": {"uv": [4, 15], "uv_size": [0.5, 0.5]},
								"south": {"uv": [15, 4], "uv_size": [0.5, 0.5]}
							}
						},
						{
							"origin": [-0.5, 1.05679, -1.6895],
							"size": [0.125, 0.08954, 0.004],
							"uv": {
								"north": {"uv": [3, 15], "uv_size": [0.5, 0.5]},
								"south": {"uv": [15, 3], "uv_size": [0.5, 0.5]}
							}
						},
						{
							"origin": [0.125, 0.4375, -1.6875],
							"size": [0.3125, 0.1875, 0],
							"uv": {
								"north": {"uv": [15, 5], "uv_size": [0.5, 0.5]},
								"south": {"uv": [6, 15], "uv_size": [0.5, 0.5]}
							}
						},
						{
							"origin": [-0.21875, 0.46875, -1.6875],
							"size": [0.0625, 0.125, 0],
							"uv": {
								"north": {"uv": [15, 6], "uv_size": [0.5, 0.5]},
								"south": {"uv": [7, 15], "uv_size": [0.5, 0.5]}
							}
						},
						{
							"origin": [-0.29687, 0.46875, -1.6875],
							"size": [0.0625, 0.125, 0],
							"uv": {
								"north": {"uv": [15, 12], "uv_size": [0.5, 0.5]},
								"south": {"uv": [13, 15], "uv_size": [0.5, 0.5]}
							}
						},
						{
							"origin": [-0.4375, 0.45313, -1.6875],
							"size": [0.01563, 0.15625, 0],
							"uv": {
								"north": {"uv": [15, 10], "uv_size": [0.5, 0.5]},
								"south": {"uv": [11, 15], "uv_size": [0.5, 0.5]}
							}
						},
						{
							"origin": [-0.45312, 0.5, -1.6875],
							"size": [0.01563, 0.0625, 0],
							"uv": {
								"north": {"uv": [15, 11], "uv_size": [0.5, 0.5]},
								"south": {"uv": [12, 15], "uv_size": [0.5, 0.5]}
							}
						},
						{
							"origin": [-0.14062, 0.45313, -1.6875],
							"size": [0.01563, 0.15625, 0],
							"uv": {
								"north": {"uv": [15, 9], "uv_size": [0.5, 0.5]},
								"south": {"uv": [10, 15], "uv_size": [0.5, 0.5]}
							}
						},
						{
							"origin": [-0.4375, 0.4375, -1.6875],
							"size": [0.3125, 0.01563, 0],
							"uv": {
								"north": {"uv": [15, 8], "uv_size": [0.5, 0.5]},
								"south": {"uv": [9, 15], "uv_size": [0.5, 0.5]}
							}
						},
						{
							"origin": [-0.4375, 0.60938, -1.6875],
							"size": [0.3125, 0.01563, 0],
							"uv": {
								"north": {"uv": [15, 7], "uv_size": [0.5, 0.5]},
								"south": {"uv": [8, 15], "uv_size": [0.5, 0.5]}
							}
						}
					]
				},
				{
					"name": "ammo_display",
					"parent": "scope_body",
					"pivot": [0.28125, 0.51563, -1.67187]
				},
				{
					"name": "ocular",
					"pivot": [0, 1.15625, -1.70312],
					"cubes": [
						{
							"origin": [-0.09946, 0.65625, -1.6875],
							"size": [0.19891, 1, 0],
							"pivot": [0, 1.15625, -0.6875],
							"rotation": [0, 0, -45],
							"uv": {
								"north": {"uv": [9, 1], "uv_size": [0.5, 1]},
								"south": {"uv": [2, 9], "uv_size": [0.5, 1]}
							}
						},
						{
							"origin": [-0.09946, 0.65625, -1.6875],
							"size": [0.19891, 1, 0],
							"pivot": [0, 1.15625, -0.6875],
							"rotation": [0, 0, -22.5],
							"uv": {
								"north": {"uv": [9, 0], "uv_size": [0.5, 1]},
								"south": {"uv": [1, 9], "uv_size": [0.5, 1]}
							}
						},
						{
							"origin": [-0.09946, 0.65625, -1.6875],
							"size": [0.19891, 1, 0],
							"uv": {
								"north": {"uv": [8, 8], "uv_size": [0.5, 1]},
								"south": {"uv": [0, 9], "uv_size": [0.5, 1]}
							}
						},
						{
							"origin": [-0.09946, 0.65625, -1.6875],
							"size": [0.19891, 1, 0],
							"pivot": [0, 1.15625, -0.6875],
							"rotation": [0, 0, 22.5],
							"uv": {
								"north": {"uv": [7, 8], "uv_size": [0.5, 1]},
								"south": {"uv": [8, 7], "uv_size": [0.5, 1]}
							}
						},
						{
							"origin": [-0.09946, 0.65625, -1.6875],
							"size": [0.19891, 1, 0],
							"pivot": [0, 1.15625, -0.6875],
							"rotation": [0, 0, 45],
							"uv": {
								"north": {"uv": [8, 5], "uv_size": [0.5, 1]},
								"south": {"uv": [8, 6], "uv_size": [0.5, 1]}
							}
						},
						{
							"origin": [-0.5, 1.05679, -1.6875],
							"size": [1, 0.19891, 0],
							"pivot": [0, 1.15625, -0.6875],
							"rotation": [0, 0, -22.5],
							"uv": {
								"north": {"uv": [8, 4], "uv_size": [1, 0.5]},
								"east": {"uv": [0, 0], "uv_size": [0, 0.5]},
								"south": {"uv": [5, 8], "uv_size": [1, 0.5]}
							}
						},
						{
							"origin": [-0.5, 1.05679, -1.6875],
							"size": [1, 0.19891, 0],
							"uv": {
								"north": {"uv": [8, 3], "uv_size": [1, 0.5]},
								"east": {"uv": [0, 0], "uv_size": [0, 0.5]},
								"south": {"uv": [4, 8], "uv_size": [1, 0.5]}
							}
						},
						{
							"origin": [-0.5, 1.05679, -1.6875],
							"size": [1, 0.19891, 0],
							"pivot": [0, 1.15625, -0.6875],
							"rotation": [0, 0, 22.5],
							"uv": {
								"north": {"uv": [8, 0], "uv_size": [1, 0.5]},
								"east": {"uv": [0, 0], "uv_size": [0, 0.5]},
								"south": {"uv": [2, 8], "uv_size": [1, 0.5]}
							}
						}
					]
				},
				{
					"name": "scope_view",
					"pivot": [0, 1.15625, 5]
				},
				{
					"name": "division",
					"pivot": [0, 1.15625, -32]
				},
				{
					"name": "division_illuminated",
					"parent": "division",
					"pivot": [0, 1.15625, -32],
					"cubes": [
						{
							"origin": [-0.09375, 1.0625, -32],
							"size": [0.1875, 0.1875, 0],
							"pivot": [0, 1.15625, -32],
							"rotation": [0, 0, -45],
							"uv": {
								"south": {"uv": [5, 15], "uv_size": [0.5, 0.5]}
							}
						}
					]
				}
			]
		}
	]
}