{
	"format_version": "1.8.0",
	"animations": {
		"static_idle": {
			"loop": true,
			"bones": {
				"right": {
					"rotation": [91.07, 8.95, -179.05],
					"position": [-6.5, -8.3, 4.3],
					"scale": [1, 1.5, 1]
				},
				"left": {
					"rotation": [98.83, -10.95, -185.06],
					"position": [6.965, -9.135, 3.895],
					"scale": [1, 1.5, 1]
				},
				"constraint": {
					"rotation": [0.5, 0.5, 0.5],
					"position": [0.5, 0.5, 0.5]
				}
			}
		},
		"shoot": {
			"animation_length": 0.5833,
			"bones": {
				"root": {
					"rotation": {
						"0.0": {
							"post": [-2.59768, 0.1525, 1.74334],
							"lerp_mode": "catmullrom"
						},
						"0.0417": {
							"post": [-14.95824, -1.30704, -2.72798],
							"lerp_mode": "catmullrom"
						},
						"0.0833": {
							"post": [-10, 0, 0],
							"lerp_mode": "catmullrom"
						},
						"0.125": {
							"post": [0.84251, -0.98521, -1.02186],
							"lerp_mode": "catmullrom"
						},
						"0.2083": {
							"post": [0.65, 0.2, 0],
							"lerp_mode": "catmullrom"
						},
						"0.2917": {
							"post": [-0.70043, -0.09694, 0.24998],
							"lerp_mode": "catmullrom"
						},
						"0.4167": {
							"post": [0.05, 0.13, 0.1],
							"lerp_mode": "catmullrom"
						},
						"0.5833": {
							"post": [0, 0, 0],
							"lerp_mode": "catmullrom"
						}
					},
					"position": {
						"0.0": {
							"post": [0, -0.0025, 1],
							"lerp_mode": "catmullrom"
						},
						"0.0417": {
							"post": [0, -0.2225, 0.975],
							"lerp_mode": "catmullrom"
						},
						"0.0833": {
							"post": [0, 0.175, 0.95],
							"lerp_mode": "catmullrom"
						},
						"0.125": {
							"post": [0, 0.0625, 0.2625],
							"lerp_mode": "catmullrom"
						},
						"0.2083": {
							"post": [0, -0.1, 0.075],
							"lerp_mode": "catmullrom"
						},
						"0.2917": {
							"post": [0.0125, -0.025, 0.125],
							"lerp_mode": "catmullrom"
						},
						"0.4167": {
							"post": [0, -0.005, -0.015],
							"lerp_mode": "catmullrom"
						},
						"0.5833": {
							"post": [0, 0, 0],
							"lerp_mode": "catmullrom"
						}
					}
				},
				"slide": {
					"position": {
						"0.0": [0, 0, 0],
						"0.0417": [0, 0, 1.75],
						"0.0833": [0, 0, 1.75],
						"0.125": [0, 0, 0]
					}
				},
				"hammer": {
					"rotation": {
						"0.0": [45, 0, 0],
						"0.0417": [45, 0, 0],
						"0.0833": [0, 0, 0]
					}
				},
				"camera": {
					"rotation": {
						"0.0": {
							"post": [0, 0, 0],
							"lerp_mode": "catmullrom"
						},
						"0.0417": {
							"post": [0, 0, -0.7],
							"lerp_mode": "catmullrom"
						},
						"0.0833": {
							"post": [0, 0, 0.6],
							"lerp_mode": "catmullrom"
						},
						"0.125": {
							"post": [0, 0, -0.3],
							"lerp_mode": "catmullrom"
						},
						"0.2083": {
							"post": [0, 0, 0.35],
							"lerp_mode": "catmullrom"
						},
						"0.2917": {
							"post": [0, 0, -0.15],
							"lerp_mode": "catmullrom"
						},
						"0.375": {
							"post": [0, 0, 0],
							"lerp_mode": "catmullrom"
						}
					}
				}
			}
		},
		"static_bolt_caught": {
			"loop": true,
			"bones": {
				"right": {
					"rotation": [91.07, 8.95, -179.05],
					"position": [-6.5, -8.3, 4.3],
					"scale": [1, 1.5, 1]
				},
				"left": {
					"rotation": [98.83, -10.95, -185.06],
					"position": [6.965, -9.135, 3.895],
					"scale": [1, 1.5, 1]
				},
				"slide": {
					"position": [0, 0, 1.25]
				},
				"bullet_barrel": {
					"scale": 0
				}
			}
		},
		"put_away": {
			"animation_length": 0.5,
			"bones": {
				"right": {
					"rotation": [91.07, 8.95, -179.05],
					"position": [-6.5, -8.3, 4.3],
					"scale": [1, 1.5, 1]
				},
				"left": {
					"rotation": {
						"0.0": [98.83, -10.95, -185.06],
						"0.2083": [74.25091, 18.0225, -205.01724]
					},
					"position": {
						"0.0": [6.965, -9.135, 3.895],
						"0.125": {
							"pre": [20.88, -6.5425, 5.32],
							"post": [20.88, -6.5425, 5.32],
							"lerp_mode": "catmullrom"
						},
						"0.2917": [23.40894, 4.99826, 7.61438]
					},
					"scale": {
						"0.0": [1, 1.5, 1],
						"0.2083": {
							"pre": [1, 1.5, 1],
							"post": [0, 0, 0]
						}
					}
				},
				"root": {
					"rotation": {
						"0.0": [0, 0, 0],
						"0.1667": {
							"pre": [24.46241, -13.09072, 34.72997],
							"post": [24.46241, -13.09072, 34.72997],
							"lerp_mode": "catmullrom"
						},
						"0.3333": {
							"post": [51.005, -13.35, 46.9375],
							"lerp_mode": "catmullrom"
						},
						"0.5": [68.15216, -11.48947, 48.93882]
					},
					"position": {
						"0.0": [0, 0, 0],
						"0.1667": {
							"pre": [-4.5375, -3.7, 1.15],
							"post": [-4.5375, -3.7, 1.15],
							"lerp_mode": "catmullrom"
						},
						"0.3333": {
							"post": [-6.37, -6.14, 7.12],
							"lerp_mode": "catmullrom"
						},
						"0.5": [-7, -9, 8]
					}
				},
				"camera": {
					"rotation": {
						"0.0": {
							"post": [0, 0, 0],
							"lerp_mode": "catmullrom"
						},
						"0.0833": {
							"post": [0, 0, -0.1425],
							"lerp_mode": "catmullrom"
						},
						"0.1667": {
							"post": [0, 0, -0.58],
							"lerp_mode": "catmullrom"
						},
						"0.2917": {
							"post": [0, 0, -0.125],
							"lerp_mode": "catmullrom"
						},
						"0.375": {
							"post": [0, 0, 0],
							"lerp_mode": "catmullrom"
						}
					}
				}
			}
		},
		"draw": {
			"loop": "hold_on_last_frame",
			"animation_length": 0.5417,
			"bones": {
				"right": {
					"rotation": [91.07, 8.95, -179.05],
					"position": [-6.5, -8.3, 4.3],
					"scale": [1, 1.5, 1]
				},
				"left": {
					"rotation": {
						"0.0": [123.02749, -65.70363, -206.62338],
						"0.125": [123.02749, -65.70363, -206.62338],
						"0.25": [98.83, -10.95, -185.06]
					},
					"position": {
						"0.0": [11.965, -9.135, 3.895],
						"0.125": [11.965, -9.135, 3.895],
						"0.25": [6.97, -9.14, 3.89]
					},
					"scale": [1, 1.5, 1]
				},
				"root": {
					"rotation": {
						"0.0": [45, -82.5, 0],
						"0.1667": {
							"pre": [15.5625, -21, 0],
							"post": [15.5625, -21, 0],
							"lerp_mode": "catmullrom"
						},
						"0.2917": {
							"post": [1.44, -1.5, 0],
							"lerp_mode": "catmullrom"
						},
						"0.5417": [0, 0, 0]
					},
					"position": {
						"0.0": [-6, -13, 5],
						"0.125": {
							"pre": [-1.8825, -4.26, 1.8125],
							"post": [-1.8825, -4.26, 1.8125],
							"lerp_mode": "catmullrom"
						},
						"0.25": {
							"post": [-0.12, -0.5, -1.6],
							"lerp_mode": "catmullrom"
						},
						"0.4167": {
							"post": [0.04, 0.17, 0.155],
							"lerp_mode": "catmullrom"
						},
						"0.5417": {
							"post": [0, 0, 0],
							"lerp_mode": "catmullrom"
						}
					}
				},
				"camera": {
					"rotation": {
						"0.0": {
							"post": [0, 0, 0],
							"lerp_mode": "catmullrom"
						},
						"0.2083": {
							"post": [-0.1875, 0, 0.5],
							"lerp_mode": "catmullrom"
						},
						"0.2917": {
							"post": [-0.21, 0, -0.08],
							"lerp_mode": "catmullrom"
						},
						"0.375": {
							"post": [-0.13, 0, 0.16],
							"lerp_mode": "catmullrom"
						},
						"0.5417": {
							"post": [0, 0, 0],
							"lerp_mode": "catmullrom"
						}
					}
				}
			}
		},
		"reload_tactical": {
			"loop": "hold_on_last_frame",
			"animation_length": 1.75,
			"bones": {
				"right": {
					"rotation": {
						"0.0": [91.07, 8.95, -179.05],
						"0.2083": [91.07, 8.95, -179.05],
						"0.3333": [83.57, 8.95, -179.05],
						"1.3333": [83.57, 8.95, -179.05],
						"1.4583": [83.57, 8.95, -179.05],
						"1.6667": [91.07, 8.95, -179.05]
					},
					"position": [-6.5, -8.3, 4.3],
					"scale": [1, 1.5, 1]
				},
				"left": {
					"rotation": {
						"0.0": [98.83, -10.95, -185.06],
						"0.4583": [98.83, -10.95, -185.06],
						"0.5": [87.88297, -0.36314, -106.87971],
						"1.0833": [87.88, -0.36, -106.88],
						"1.1667": [86.94481, -10.12895, -101.43031],
						"1.3333": [86.94481, -10.12895, -101.43031],
						"1.6667": [98.83, -10.95, -185.06]
					},
					"position": {
						"0.0": [6.965, -9.135, 3.895],
						"0.4583": [6.97, -9.14, 3.89],
						"0.5": [5.97, -11.14, 5.89],
						"1.3333": [5.97, -11.14, 5.89],
						"1.4583": {
							"pre": [8.34, -10.39, 5.14],
							"post": [8.34, -10.39, 5.14],
							"lerp_mode": "catmullrom"
						},
						"1.6667": [6.965, -9.135, 3.895]
					},
					"scale": [1, 1.5, 1]
				},
				"constraint": {
					"rotation": [0.5, 0.5, 0.5],
					"position": [0.5, 0.5, 0.5]
				},
				"root": {
					"rotation": {
						"0.0": {
							"post": [0, 0, 0],
							"lerp_mode": "catmullrom"
						},
						"0.0833": {
							"post": [-0.43, -1.36, -2.75],
							"lerp_mode": "catmullrom"
						},
						"0.2083": {
							"post": [-14.82219, -10.26699, -19.38593],
							"lerp_mode": "catmullrom"
						},
						"0.2917": {
							"post": [-26.32219, -10.26699, -18.32343],
							"lerp_mode": "catmullrom"
						},
						"0.4167": {
							"post": [-26.32219, -10.26699, -18.32343],
							"lerp_mode": "catmullrom"
						},
						"0.625": {
							"post": [-17.8825, -20.02, -42.07],
							"lerp_mode": "catmullrom"
						},
						"0.75": {
							"post": [-16.47846, -22.11828, -47.31251],
							"lerp_mode": "catmullrom"
						},
						"1.0": {
							"post": [-14.94878, -21.49544, -44.70263],
							"lerp_mode": "catmullrom"
						},
						"1.1667": {
							"post": [-14.94878, -21.49544, -44.70263],
							"lerp_mode": "catmullrom"
						},
						"1.25": {
							"post": [-18.00819, -23.12727, -49.81097],
							"lerp_mode": "catmullrom"
						},
						"1.375": {
							"post": [-19.95, -21.5, -44.7],
							"lerp_mode": "catmullrom"
						},
						"1.4583": {
							"post": [-18.2, -19.375, -39.45],
							"lerp_mode": "catmullrom"
						},
						"1.625": {
							"post": [-3.865, -3.4875, -8.525],
							"lerp_mode": "catmullrom"
						},
						"1.75": {
							"post": [0, 0, 0],
							"lerp_mode": "catmullrom"
						}
					},
					"position": {
						"0.0": {
							"post": [0, 0, 0],
							"lerp_mode": "catmullrom"
						},
						"0.0833": {
							"post": [-0.1, 0.46, 0],
							"lerp_mode": "catmullrom"
						},
						"0.2083": {
							"post": [-1, 3, 0],
							"lerp_mode": "catmullrom"
						},
						"0.3333": {
							"post": [-1.5, 1, 0],
							"lerp_mode": "catmullrom"
						},
						"0.5": {
							"post": [-1.125, 1.0625, 0],
							"lerp_mode": "catmullrom"
						},
						"0.7083": {
							"post": [-1, 1.6825, 0],
							"lerp_mode": "catmullrom"
						},
						"0.8333": {
							"post": [-1.125, 1.875, 0],
							"lerp_mode": "catmullrom"
						},
						"1.0": {
							"post": [-1, 1.8125, 0],
							"lerp_mode": "catmullrom"
						},
						"1.1667": {
							"post": [-1, 1.75, 0],
							"lerp_mode": "catmullrom"
						},
						"1.2917": {
							"post": [-1.5, 2, -0.4375],
							"lerp_mode": "catmullrom"
						},
						"1.375": {
							"post": [-1.5, 2, -0.5],
							"lerp_mode": "catmullrom"
						},
						"1.5": {
							"post": [-1.3125, 1.6875, -0.375],
							"lerp_mode": "catmullrom"
						},
						"1.625": {
							"post": [-0.2025, 0.0075, 0],
							"lerp_mode": "catmullrom"
						},
						"1.75": {
							"post": [0, 0, 0],
							"lerp_mode": "catmullrom"
						}
					}
				},
				"mag": {
					"rotation": {
						"0.0": [0, 0, 0],
						"0.25": [0, 0, 0],
						"0.5": [0, 0, 0],
						"0.75": [-0.5, 0, 0],
						"0.9167": {
							"pre": [-0.5, 0, 2.5],
							"post": [-0.5, 0, 2.5],
							"lerp_mode": "catmullrom"
						},
						"1.0833": [0, 0, 0],
						"1.1667": [0, 0, 0]
					},
					"position": {
						"0.0": [0, 0, 0],
						"0.25": [12.43297, -16.79405, 3.64964],
						"0.4583": [12.43, -16.79, 3.65],
						"0.5": [1.43, -16.79, 3.65],
						"0.75": [0, -3.75, 1.5],
						"0.7917": [0, -3.75, 1.5],
						"0.9167": {
							"pre": [0, -3.875, 1.5625],
							"post": [0, -3.875, 1.5625],
							"lerp_mode": "catmullrom"
						},
						"1.0417": [0, -3.75, 1.5],
						"1.0833": [0, -3.75, 1.5],
						"1.1667": [0, 0, 0]
					}
				},
				"magazine": {
					"scale": {
						"0.0": [0, 0, 0],
						"0.4583": {
							"pre": [0, 0, 0],
							"post": [1, 1, 1]
						}
					}
				},
				"camera": {
					"rotation": {
						"0.0": {
							"post": [0, 0, 0],
							"lerp_mode": "catmullrom"
						},
						"0.2083": {
							"post": [-1, 0, 0.25],
							"lerp_mode": "catmullrom"
						},
						"0.3333": {
							"post": [-0.48, 0, -0.5],
							"lerp_mode": "catmullrom"
						},
						"0.5": {
							"post": [-0.48, 0, 0.0675],
							"lerp_mode": "catmullrom"
						},
						"0.75": {
							"post": [-0.57, 0, 0],
							"lerp_mode": "catmullrom"
						},
						"1.125": {
							"post": [-0.57, 0, 0],
							"lerp_mode": "catmullrom"
						},
						"1.2083": {
							"post": [-1.02, 0, 0.5],
							"lerp_mode": "catmullrom"
						},
						"1.2917": {
							"post": [-1.1, 0, -0.47],
							"lerp_mode": "catmullrom"
						},
						"1.4167": {
							"post": [-1.02, 0, 0.25],
							"lerp_mode": "catmullrom"
						},
						"1.5417": {
							"post": [-0.1275, 0, 0],
							"lerp_mode": "catmullrom"
						},
						"1.75": {
							"post": [0, 0, 0],
							"lerp_mode": "catmullrom"
						}
					}
				},
				"additional_magazine": {
					"position": {
						"0.2083": [0, 0, 0],
						"0.5": [0, -16, 6]
					},
					"scale": {
						"0.0": [1, 1, 1],
						"0.4583": {
							"pre": [1, 1, 1],
							"post": [0, 0, 0]
						}
					}
				}
			},
			"sound_effects": {
				"0.0": {
					"effect": "cyber_armorer:unity/mag_out_1"
				},
				"0.6667": {
					"effect": "cyber_armorer:unity/rattle"
				},
				"0.9583": {
					"effect": "cyber_armorer:unity/mag_in_2"
				},
				"1.5": {
					"effect": "cyber_armorer:unity/down"
				}
			}
		},
		"reload_empty": {
			"loop": "hold_on_last_frame",
			"animation_length": 2.6667,
			"bones": {
				"right": {
					"rotation": {
						"0.0": [91.07, 8.95, -179.05],
						"0.2083": [91.07, 8.95, -179.05],
						"0.3333": [83.57, 8.95, -179.05],
						"1.3333": [83.57, 8.95, -179.05],
						"1.4583": [83.57, 8.95, -179.05],
						"1.6667": [91.07, 8.95, -179.05]
					},
					"position": [-6.5, -8.3, 4.3],
					"scale": [1, 1.5, 1]
				},
				"left": {
					"rotation": {
						"0.0": [98.83, -10.95, -185.06],
						"0.4583": [98.83, -10.95, -185.06],
						"0.5": [87.88297, -0.36314, -106.87971],
						"1.0833": [87.88, -0.36, -106.88],
						"1.1667": [86.94481, -10.12895, -101.43031],
						"1.3333": [86.94481, -10.12895, -101.43031],
						"1.4583": [86.94481, -10.12895, -101.43031],
						"1.6667": {
							"pre": [137.125, -8.72, -261.5575],
							"post": [137.125, -8.72, -261.5575],
							"lerp_mode": "catmullrom"
						},
						"1.8333": [149.94347, -13.68871, -288.65279],
						"2.25": [149.94347, -13.68871, -288.65279],
						"2.5417": [98.83, -10.95, -185.06]
					},
					"position": {
						"0.0": [6.965, -9.135, 3.895],
						"0.4583": [6.97, -9.14, 3.89],
						"0.5": [5.97, -11.14, 5.89],
						"1.3333": [5.97, -11.14, 5.89],
						"1.4583": [5.97, -11.14, 5.89],
						"1.625": {
							"pre": [8.28, -6.435, 7.375],
							"post": [8.28, -6.435, 7.375],
							"lerp_mode": "catmullrom"
						},
						"1.8333": [5.97, -5.14, 7.89],
						"1.9583": [5.97, -5.14, 8.39],
						"2.0833": [5.97, -5.14, 8.39],
						"2.25": {
							"pre": [5.97, -5.14, 17.39],
							"post": [5.97, -5.14, 17.39],
							"lerp_mode": "catmullrom"
						},
						"2.4167": {
							"post": [8.54, -7.42, 7.96],
							"lerp_mode": "catmullrom"
						},
						"2.5417": [6.965, -9.135, 3.895]
					},
					"scale": [1, 1.5, 1]
				},
				"constraint": {
					"rotation": [0.5, 0.5, 0.5],
					"position": [0.5, 0.5, 0.5]
				},
				"root": {
					"rotation": {
						"0.0": {
							"post": [0, 0, 0],
							"lerp_mode": "catmullrom"
						},
						"0.0833": {
							"post": [-0.43, -1.36, -2.75],
							"lerp_mode": "catmullrom"
						},
						"0.2083": {
							"post": [-14.82219, -10.26699, -14.38593],
							"lerp_mode": "catmullrom"
						},
						"0.2917": {
							"post": [-25.01639, 1.46919, 5.73204],
							"lerp_mode": "catmullrom"
						},
						"0.4167": {
							"post": [-28.10206, -0.0461, -1.46845],
							"lerp_mode": "catmullrom"
						},
						"0.625": {
							"post": [-17.8825, -20.02, -30.07],
							"lerp_mode": "catmullrom"
						},
						"0.75": {
							"post": [-16.47846, -22.11828, -35.31251],
							"lerp_mode": "catmullrom"
						},
						"1.0": {
							"post": [-14.94878, -21.49544, -32.70263],
							"lerp_mode": "catmullrom"
						},
						"1.1667": {
							"post": [-14.94878, -21.49544, -32.70263],
							"lerp_mode": "catmullrom"
						},
						"1.25": {
							"post": [-18.00819, -23.12727, -37.81097],
							"lerp_mode": "catmullrom"
						},
						"1.375": {
							"post": [-19.95, -21.5, -35.7],
							"lerp_mode": "catmullrom"
						},
						"1.4583": {
							"post": [-24.075, -14.0625, -27.45],
							"lerp_mode": "catmullrom"
						},
						"1.6667": {
							"post": [-58.175, 25.81, 11.995],
							"lerp_mode": "catmullrom"
						},
						"1.8333": {
							"post": [-64.38045, 34.23164, 19.89748],
							"lerp_mode": "catmullrom"
						},
						"1.9583": {
							"post": [-71.88045, 34.23164, 19.89748],
							"lerp_mode": "catmullrom"
						},
						"2.0833": {
							"post": [-71.88045, 34.23164, 19.89748],
							"lerp_mode": "catmullrom"
						},
						"2.1667": {
							"post": [-64.17, 33.64, 20.95],
							"lerp_mode": "catmullrom"
						},
						"2.3333": {
							"post": [-59.38045, 30.35664, 19.89748],
							"lerp_mode": "catmullrom"
						},
						"2.5417": {
							"post": [-5.32, 3.6325, 0.9925],
							"lerp_mode": "catmullrom"
						},
						"2.6667": {
							"post": [0, 0, 0],
							"lerp_mode": "catmullrom"
						}
					},
					"position": {
						"0.0": {
							"post": [0, 0, 0],
							"lerp_mode": "catmullrom"
						},
						"0.0833": {
							"post": [-0.1, 0.46, 0],
							"lerp_mode": "catmullrom"
						},
						"0.2083": {
							"post": [-1, 3, 0],
							"lerp_mode": "catmullrom"
						},
						"0.3333": {
							"post": [-2.5, 0, 0],
							"lerp_mode": "catmullrom"
						},
						"0.5": {
							"post": [-1.625, 0.8125, 0],
							"lerp_mode": "catmullrom"
						},
						"0.7083": {
							"post": [-1.25, 1.6825, 0],
							"lerp_mode": "catmullrom"
						},
						"0.8333": {
							"post": [-1.375, 1.875, 0],
							"lerp_mode": "catmullrom"
						},
						"1.0": {
							"post": [-1.25, 1.8125, 0],
							"lerp_mode": "catmullrom"
						},
						"1.1667": {
							"post": [-1.25, 1.75, 0],
							"lerp_mode": "catmullrom"
						},
						"1.2917": {
							"post": [-1.75, 2, -0.4375],
							"lerp_mode": "catmullrom"
						},
						"1.375": {
							"post": [-1.75, 2, -0.5],
							"lerp_mode": "catmullrom"
						},
						"1.5": {
							"post": [-1.5625, 1.6875, -0.375],
							"lerp_mode": "catmullrom"
						},
						"1.8333": {
							"post": [-1.5625, 1.6875, -0.375],
							"lerp_mode": "catmullrom"
						},
						"1.9583": {
							"post": [-1.5625, 1.1875, -0.125],
							"lerp_mode": "catmullrom"
						},
						"2.0833": {
							"post": [-1.5625, 1.4375, -0.125],
							"lerp_mode": "catmullrom"
						},
						"2.1667": {
							"post": [-1.5625, 2.1875, -0.375],
							"lerp_mode": "catmullrom"
						},
						"2.25": {
							"post": [-1.4375, 1.9375, -0.375],
							"lerp_mode": "catmullrom"
						},
						"2.3333": {
							"post": [-1.1875, 1.6875, -0.375],
							"lerp_mode": "catmullrom"
						},
						"2.5417": {
							"post": [-0.2025, -0.22, -0.025],
							"lerp_mode": "catmullrom"
						},
						"2.6667": {
							"post": [0, 0, 0],
							"lerp_mode": "catmullrom"
						}
					}
				},
				"mag": {
					"rotation": {
						"0.0": [0, 0, 0],
						"0.25": [0, 0, 0],
						"0.5": [0, 0, 0],
						"0.75": [-0.5, 0, 0],
						"0.9167": {
							"pre": [-0.5, 0, 2.5],
							"post": [-0.5, 0, 2.5],
							"lerp_mode": "catmullrom"
						},
						"1.0833": [0, 0, 0],
						"1.1667": [0, 0, 0]
					},
					"position": {
						"0.0": [0, 0, 0],
						"0.25": [12.43297, -16.79405, 3.64964],
						"0.4583": [12.43, -16.79, 3.65],
						"0.5": [1.43, -16.79, 3.65],
						"0.75": [0, -3.75, 1.5],
						"0.7917": [0, -3.75, 1.5],
						"0.9167": {
							"pre": [0, -3.875, 1.5625],
							"post": [0, -3.875, 1.5625],
							"lerp_mode": "catmullrom"
						},
						"1.0417": [0, -3.75, 1.5],
						"1.0833": [0, -3.75, 1.5],
						"1.1667": [0, 0, 0]
					}
				},
				"magazine": {
					"scale": {
						"0.0": [0, 0, 0],
						"0.4583": {"pre": [0, 0, 0], "post": [1, 1, 1]}
					}
				},
				"additional_magazine": {
					"position": {
						"0.2083": [0, 0, 0],
						"0.5": [0, -16, 6]
					},
					"scale": {
						"0.0": [1, 1, 1],
						"0.4583": {"pre": [1, 1, 1], "post": [0, 0, 0]}
					}
				},
				"slide": {
					"position": {
						"0.0": [0, 0, 1.25],
						"1.8333": [0, 0, 1.25],
						"1.9583": [0, 0, 1.75],
						"2.0833": [0, 0, 1.75],
						"2.125": [0, 0, 0]
					}
				},
				"camera": {
					"rotation": {
						"0.0": {
							"post": [0, 0, 0],
							"lerp_mode": "catmullrom"
						},
						"0.2083": {
							"post": [-1, 0, 0.25],
							"lerp_mode": "catmullrom"
						},
						"0.3333": {
							"post": [-0.48, 0, -0.5],
							"lerp_mode": "catmullrom"
						},
						"0.5": {
							"post": [-0.48, 0, 0.0675],
							"lerp_mode": "catmullrom"
						},
						"0.75": {
							"post": [-0.57, 0, 0],
							"lerp_mode": "catmullrom"
						},
						"1.125": {
							"post": [-0.57, 0, 0],
							"lerp_mode": "catmullrom"
						},
						"1.2083": {
							"post": [-1.02, 0, 0.5],
							"lerp_mode": "catmullrom"
						},
						"1.2917": {
							"post": [-1.1, 0, -0.47],
							"lerp_mode": "catmullrom"
						},
						"1.4167": {
							"post": [-1.02, 0, 0.25],
							"lerp_mode": "catmullrom"
						},
						"1.625": {
							"post": [-0.76, 0, 0.045],
							"lerp_mode": "catmullrom"
						},
						"1.8333": {
							"post": [-0.52, 0, 0],
							"lerp_mode": "catmullrom"
						},
						"2.0": {
							"post": [0.23, 0, 0.25],
							"lerp_mode": "catmullrom"
						},
						"2.125": {
							"post": [0.23, 0, -0.0625],
							"lerp_mode": "catmullrom"
						},
						"2.1667": {
							"post": [-0.02, 0, -0.75],
							"lerp_mode": "catmullrom"
						},
						"2.25": {
							"post": [-0.02, 0, 0.75],
							"lerp_mode": "catmullrom"
						},
						"2.3333": {
							"post": [-0.02, 0, -0.5],
							"lerp_mode": "catmullrom"
						},
						"2.4583": {
							"post": [-0.01, 0, 0.2],
							"lerp_mode": "catmullrom"
						},
						"2.5417": {
							"post": [-0.01, 0, 0.045],
							"lerp_mode": "catmullrom"
						},
						"2.6667": {
							"post": [0, 0, 0],
							"lerp_mode": "catmullrom"
						}
					}
				},
				"bullet_barrel": {
					"rotation": {
						"0.0": [-10, 0, 0],
						"1.1667": [-10, 0, 0],
						"2.0833": [-10, 0, 0],
						"2.125": [0, 0, 0]
					},
					"position": {
						"0.0": [0, -0.125, 0.0625],
						"1.1667": [0, -0.125, 0.0625],
						"2.0833": [0, -0.125, 0.0625],
						"2.125": [0, 0, 0]
					},
					"scale": {
						"0.0": [0, 0, 0],
						"1.1667": {"pre": [0, 0, 0], "post": [1, 1, 1]}
					}
				}
			},
			"sound_effects": {
				"0.0": {
					"effect": "cyber_armorer:unity/mag_out_2"
				},
				"1.0": {
					"effect": "cyber_armorer:unity/mag_in_1"
				},
				"1.75": {
					"effect": "cyber_armorer:unity/rattle"
				},
				"1.9167": {
					"effect": "cyber_armorer:unity/slide_release"
				},
				"2.375": {
					"effect": "cyber_armorer:unity/down"
				}
			}
		},
		"inspect": {
			"loop": "hold_on_last_frame",
			"animation_length": 3,
			"bones": {
				"right": {
					"rotation": {
						"0.0": [91.07, 8.95, -179.05],
						"1.5": [91.07, 8.95, -179.05],
						"1.625": {
							"pre": [138.57, 8.95, -179.05],
							"post": [138.57, 8.95, -179.05],
							"lerp_mode": "catmullrom"
						},
						"1.75": {
							"post": [141.07, 8.95, -179.05],
							"lerp_mode": "catmullrom"
						},
						"2.5": [141.07, 8.95, -179.05],
						"2.5417": [141.07, 8.95, -179.05],
						"2.6667": {
							"pre": [95.465, 8.95, -179.05],
							"post": [95.465, 8.95, -179.05],
							"lerp_mode": "catmullrom"
						},
						"2.875": {
							"post": [96.9875, 8.95, -179.05],
							"lerp_mode": "catmullrom"
						},
						"3.0": [91.07, 8.95, -179.05]
					},
					"position": {
						"0.0": [-6.5, -8.3, 4.3],
						"1.625": [-6.5, -8.3, 4.3],
						"1.75": [-6.5, -6.1125, 5.05],
						"1.8333": [-6.5, -5.3, 6.3],
						"2.5": [-6.5, -5.3, 6.3],
						"2.5417": [-6.5, -5.3, 6.3],
						"2.7917": {
							"pre": [-6.5, -7.8775, 4.71],
							"post": [-6.5, -7.8775, 4.71],
							"lerp_mode": "catmullrom"
						},
						"3.0": [-6.5, -8.3, 4.3]
					},
					"scale": [1, 1.5, 1]
				},
				"left": {
					"rotation": {
						"0.0": [98.83, -10.95, -185.06],
						"0.5": [98.83, -10.95, -185.06],
						"2.5": [98.83, -10.95, -185.06],
						"2.7917": [98.83, -10.95, -185.06]
					},
					"position": {
						"0.0": [6.965, -9.135, 3.895],
						"0.5": [15.97, -23.14, 14.89],
						"2.5": [24.97, -23.14, 10.89],
						"2.7917": [6.965, -9.135, 3.895]
					},
					"scale": {
						"0.0": [1, 1.5, 1],
						"0.5": {
							"pre": [1, 1.5, 1],
							"post": [0, 0, 0]
						},
						"2.625": {
							"pre": [0, 0, 0],
							"post": [1, 1.5, 1]
						}
					}
				},
				"constraint": {
					"rotation": [0.5, 0.5, 0.5],
					"position": [0.5, 0.5, 0.5]
				},
				"root": {
					"rotation": {
						"0.0": {
							"post": [0, 0, 0],
							"lerp_mode": "catmullrom"
						},
						"0.0833": {
							"post": [-3.6575, -3.23, -1.28],
							"lerp_mode": "catmullrom"
						},
						"0.25": {
							"post": [-30.15, -28.805, -14.83],
							"lerp_mode": "catmullrom"
						},
						"0.375": {
							"post": [-34.72794, -33.64409, -18.11321],
							"lerp_mode": "catmullrom"
						},
						"0.75": [-34.72794, -33.64409, -18.11321],
						"0.7917": [-34.72794, -33.64409, -18.11321],
						"1.0": {
							"pre": [-57.36, 20.3425, 9.085],
							"post": [-57.36, 20.3425, 9.085],
							"lerp_mode": "catmullrom"
						},
						"1.1667": {
							"post": [-63.82256, 32.79782, 18.66491],
							"lerp_mode": "catmullrom"
						},
						"1.4583": [-63.82256, 33.98532, 19.91491],
						"1.5": [-63.82256, 33.98532, 19.91491],
						"1.625": {
							"pre": [-25.71055, -8.36432, 12.93217],
							"post": [-25.71055, -8.36432, 12.93217],
							"lerp_mode": "catmullrom"
						},
						"1.75": {
							"post": [-55.71055, -8.36432, 13.93217],
							"lerp_mode": "catmullrom"
						},
						"1.8333": {
							"post": [-70.71, -8.36, 13.93],
							"lerp_mode": "catmullrom"
						},
						"2.5417": [-70.71, -8.36, 13.93],
						"2.5833": [-70.71, -8.36, 13.93],
						"2.6667": {
							"pre": [-44.445, -5.3, 8.59],
							"post": [-44.445, -5.3, 8.59],
							"lerp_mode": "catmullrom"
						},
						"2.875": {
							"post": [-6.155, -1.9975, 1.3325],
							"lerp_mode": "catmullrom"
						},
						"3.0": {
							"post": [0, 0, 0],
							"lerp_mode": "catmullrom"
						}
					},
					"position": {
						"0.0": {
							"post": [0, 0, 0],
							"lerp_mode": "catmullrom"
						},
						"0.0833": {
							"post": [0, -0.11, 0],
							"lerp_mode": "catmullrom"
						},
						"0.25": {
							"post": [0, 1.6925, 0],
							"lerp_mode": "catmullrom"
						},
						"0.375": {
							"post": [0, 2, 0],
							"lerp_mode": "catmullrom"
						},
						"0.75": [0, 2, 0],
						"0.7917": [0, 2, 0],
						"1.0417": {
							"pre": [0.875, 2, 0],
							"post": [0.875, 2, 0],
							"lerp_mode": "catmullrom"
						},
						"1.1667": {
							"post": [1, 2, 0],
							"lerp_mode": "catmullrom"
						},
						"1.4583": [1, 2, 0],
						"1.5": [1, 2, 0],
						"1.625": {
							"pre": [1, 1, 0],
							"post": [1, 1, 0],
							"lerp_mode": "catmullrom"
						},
						"1.75": {
							"post": [1, 1.25, 0],
							"lerp_mode": "catmullrom"
						},
						"1.8333": {
							"post": [1, 0.5, 0],
							"lerp_mode": "catmullrom"
						},
						"2.5": [1, 0.5, 0],
						"2.5417": [1, 0.5, 0],
						"2.7917": {
							"pre": [0.15, -0.925, 0],
							"post": [0.15, -0.925, 0],
							"lerp_mode": "catmullrom"
						},
						"2.9167": {
							"post": [0.02, -0.1375, 0],
							"lerp_mode": "catmullrom"
						},
						"3.0": {
							"post": [0, 0, 0],
							"lerp_mode": "catmullrom"
						}
					}
				},
				"gun": {
					"rotation": {
						"2.5833": [0, 0, 0],
						"2.6667": {
							"pre": [17.5, 0, 0],
							"post": [17.5, 0, 0],
							"lerp_mode": "catmullrom"
						},
						"2.8333": [0, 0, 0]
					}
				},
				"slide": {
					"position": {
						"1.75": [0, 0, 0],
						"1.8333": [0, 0, 1],
						"2.5417": [0, 0, 1],
						"2.5833": [0, 0, 0]
					}
				},
				"camera": {
					"rotation": {
						"0.0": {
							"post": [0, 0, 0],
							"lerp_mode": "catmullrom"
						},
						"0.125": {
							"post": [-0.15, 0, 0.25],
							"lerp_mode": "catmullrom"
						},
						"0.3333": {
							"post": [-0.875, 0, 0],
							"lerp_mode": "catmullrom"
						},
						"0.5": {
							"post": [-1, 0, 0],
							"lerp_mode": "catmullrom"
						},
						"0.8333": {
							"post": [-0.875, 0, 0.0625],
							"lerp_mode": "catmullrom"
						},
						"1.1667": {
							"post": [-0.125, 0, 0.4375],
							"lerp_mode": "catmullrom"
						},
						"1.5417": {
							"post": [-0.0625, 0, 0.5],
							"lerp_mode": "catmullrom"
						},
						"1.75": {
							"post": [-0.875, 0, 0.375],
							"lerp_mode": "catmullrom"
						},
						"1.875": {
							"post": [0.8125, 0, -1],
							"lerp_mode": "catmullrom"
						},
						"2.5": {
							"post": [0.875, 0, -1],
							"lerp_mode": "catmullrom"
						},
						"2.75": {
							"post": [0.1975, 0, -0.1875],
							"lerp_mode": "catmullrom"
						},
						"3.0": {
							"post": [0, 0, 0],
							"lerp_mode": "catmullrom"
						}
					}
				}
			},
			"sound_effects": {
				"0.0": {
					"effect": "cyber_armorer:unity/raise"
				},
				"0.8333": {
					"effect": "cyber_armorer:unity/rattle"
				},
				"1.5": {
					"effect": "cyber_armorer:unity/rattle_2"
				},
				"1.6667": {
					"effect": "cyber_armorer:unity/slide_out"
				},
				"2.4583": {
					"effect": "cyber_armorer:unity/slide_release_2"
				},
				"2.7083": {
					"effect": "cyber_armorer:unity/down"
				}
			}
		},
		"inspect_empty": {
			"loop": "hold_on_last_frame",
			"animation_length": 2,
			"bones": {
				"right": {
					"rotation": [91.07, 8.95, -179.05],
					"position": [-6.5, -8.3, 4.3],
					"scale": [1, 1.5, 1]
				},
				"left": {
					"rotation": {
						"0.0": [98.83, -10.95, -185.06],
						"0.5": [98.83, -10.95, -185.06],
						"1.4583": [98.83, -10.95, -185.06],
						"1.75": [98.83, -10.95, -185.06]
					},
					"position": {
						"0.0": [6.965, -9.135, 3.895],
						"0.5": [15.97, -23.14, 14.89],
						"1.4583": [17.14427, -12.72213, 16.01113],
						"1.75": [6.965, -9.135, 3.895]
					},
					"scale": {
						"0.0": [1, 1.5, 1],
						"0.5": {
							"pre": [1, 1.5, 1],
							"post": [0, 0, 0]
						},
						"1.5833": {
							"pre": [0, 0, 0],
							"post": [1, 1.5, 1]
						}
					}
				},
				"constraint": {
					"rotation": [0.5, 0.5, 0.5],
					"position": [0.5, 0.5, 0.5]
				},
				"root": {
					"rotation": {
						"0.0": {
							"post": [0, 0, 0],
							"lerp_mode": "catmullrom"
						},
						"0.0833": {
							"post": [-3.6575, -3.23, -1.28],
							"lerp_mode": "catmullrom"
						},
						"0.25": {
							"post": [-30.15, -28.805, -14.83],
							"lerp_mode": "catmullrom"
						},
						"0.375": {
							"post": [-34.72794, -33.64409, -18.11321],
							"lerp_mode": "catmullrom"
						},
						"0.75": [-34.72794, -33.64409, -18.11321],
						"0.7917": [-34.72794, -33.64409, -18.11321],
						"1.0": {
							"pre": [-57.36, 20.3425, 9.085],
							"post": [-57.36, 20.3425, 9.085],
							"lerp_mode": "catmullrom"
						},
						"1.1667": {
							"post": [-63.82256, 32.79782, 18.66491],
							"lerp_mode": "catmullrom"
						},
						"1.4583": [-63.82256, 33.98532, 19.91491],
						"1.5": [-63.82256, 33.98532, 19.91491],
						"1.75": {
							"pre": [-7.28, 5.24, 4.09],
							"post": [-7.28, 5.24, 4.09],
							"lerp_mode": "catmullrom"
						},
						"2.0": {
							"post": [0, 0, 0],
							"lerp_mode": "catmullrom"
						}
					},
					"position": {
						"0.0": {
							"post": [0, 0, 0],
							"lerp_mode": "catmullrom"
						},
						"0.0833": {
							"post": [0, -0.11, 0],
							"lerp_mode": "catmullrom"
						},
						"0.25": {
							"post": [0, 1.6925, 0],
							"lerp_mode": "catmullrom"
						},
						"0.375": {
							"post": [0, 2, 0],
							"lerp_mode": "catmullrom"
						},
						"0.75": [0, 2, 0],
						"0.7917": [0, 2, 0],
						"1.0417": {
							"pre": [0.875, 2, 0],
							"post": [0.875, 2, 0],
							"lerp_mode": "catmullrom"
						},
						"1.1667": {
							"post": [1, 2, 0],
							"lerp_mode": "catmullrom"
						},
						"1.4583": [1, 2, 0],
						"1.5": [1, 2, 0],
						"1.75": {
							"pre": [0.1875, -0.0625, 0],
							"post": [0.1875, -0.0625, 0],
							"lerp_mode": "catmullrom"
						},
						"2.0": {
							"post": [0, 0, 0],
							"lerp_mode": "catmullrom"
						}
					}
				},
				"slide": {
					"position": [0, 0, 1.25]
				},
				"camera": {
					"rotation": {
						"0.0": {
							"post": [0, 0, 0],
							"lerp_mode": "catmullrom"
						},
						"0.125": {
							"post": [-0.15, 0, 0.25],
							"lerp_mode": "catmullrom"
						},
						"0.3333": {
							"post": [-0.875, 0, 0],
							"lerp_mode": "catmullrom"
						},
						"0.5": {
							"post": [-1, 0, 0],
							"lerp_mode": "catmullrom"
						},
						"0.8333": {
							"post": [-0.875, 0, 0.0625],
							"lerp_mode": "catmullrom"
						},
						"1.1667": {
							"post": [-0.125, 0, 0.4375],
							"lerp_mode": "catmullrom"
						},
						"1.5417": {
							"post": [-0.0625, 0, 0.5],
							"lerp_mode": "catmullrom"
						},
						"1.7917": {
							"post": [-0.02, 0, 0.105],
							"lerp_mode": "catmullrom"
						},
						"2.0": {
							"post": [0, 0, 0],
							"lerp_mode": "catmullrom"
						}
					}
				}
			},
			"sound_effects": {
				"0.0": {
					"effect": "cyber_armorer:unity/raise"
				},
				"0.8333": {
					"effect": "cyber_armorer:unity/rattle"
				},
				"1.625": {
					"effect": "cyber_armorer:unity/down"
				}
			}
		}
	}
}